-- phpMyAdmin SQL Dump
-- version 4.9.2
-- https://www.phpmyadmin.net/
--
-- Servidor: 127.0.0.1
-- Tiempo de generación: 24-12-2020 a las 20:49:17
-- Versión del servidor: 10.4.11-MariaDB
-- Versión de PHP: 7.3.13

SET SQL_MODE = "NO_AUTO_VALUE_ON_ZERO";
SET AUTOCOMMIT = 0;
START TRANSACTION;
SET time_zone = "+00:00";


/*!40101 SET @OLD_CHARACTER_SET_CLIENT=@@CHARACTER_SET_CLIENT */;
/*!40101 SET @OLD_CHARACTER_SET_RESULTS=@@CHARACTER_SET_RESULTS */;
/*!40101 SET @OLD_COLLATION_CONNECTION=@@COLLATION_CONNECTION */;
/*!40101 SET NAMES utf8mb4 */;

--
-- Base de datos: `sales`
--

-- --------------------------------------------------------

--
-- Estructura de tabla para la tabla `asociacion`
--

CREATE TABLE `asociacion` (
  `id` int(11) NOT NULL,
  `nombre` varchar(255) COLLATE utf8mb4_unicode_ci NOT NULL
) ENGINE=InnoDB DEFAULT CHARSET=utf8mb4 COLLATE=utf8mb4_unicode_ci;

--
-- Volcado de datos para la tabla `asociacion`
--

INSERT INTO `asociacion` (`id`, `nombre`) VALUES
(1, 'AEB'),
(2, 'ACNSF');

-- --------------------------------------------------------

--
-- Estructura de tabla para la tabla `linea`
--

CREATE TABLE `linea` (
  `id` int(11) NOT NULL,
  `numero` varchar(255) COLLATE utf8mb4_unicode_ci NOT NULL,
  `chip` varchar(255) COLLATE utf8mb4_unicode_ci NOT NULL,
  `unidad_id` int(11) DEFAULT NULL,
  `operadora_id` int(11) DEFAULT NULL,
  `tipo_id` int(11) DEFAULT NULL,
  `ddd` varchar(255) COLLATE utf8mb4_unicode_ci NOT NULL,
  `serie` varchar(255) COLLATE utf8mb4_unicode_ci NOT NULL,
  `observaciones` text COLLATE utf8mb4_unicode_ci DEFAULT NULL,
  `active` tinyint(1) NOT NULL,
  `internet` tinyint(1) NOT NULL,
  `user_linea_id` int(11) DEFAULT NULL
) ENGINE=InnoDB DEFAULT CHARSET=utf8mb4 COLLATE=utf8mb4_unicode_ci;

--
-- Volcado de datos para la tabla `linea`
--

INSERT INTO `linea` (`id`, `numero`, `chip`, `unidad_id`, `operadora_id`, `tipo_id`, `ddd`, `serie`, `observaciones`, `active`, `internet`, `user_linea_id`) VALUES
(8, '99997890099979', '798789798', 2, 1, 1, '879', '789789789798', 'blueesss', 0, 1, 2),
(10, '8968698968', '698698968', 1, 1, 2, '896868968', '896869896', NULL, 1, 0, NULL),
(13, '1311631661232', '1361616131515', 1, 1, 1, '2151335135', '15315313151351531', NULL, 0, 0, NULL),
(24, '456465465456', '54654545644564564', 2, 1, 1, '456465465', '454456456456', NULL, 1, 1, NULL),
(25, '99997890099', '456456465465', 2, 1, 1, '8798798789', '456465456465', NULL, 1, 1, NULL),
(31, '(948) 566-7127', '30808', 94, 1, 1, '875', '30808', 'ninguna', 1, 1, 71),
(32, '1-504-392-6768 x4768', '58023', 103, 2, 2, '221', '58023', 'ninguna', 1, 0, 123),
(33, '1-265-998-9184 x35068', '51258', 10, 1, 1, '922', '51258', 'ninguna', 1, 1, 125),
(34, '1-904-801-5886 x71058', '95065', 33, 1, 1, '389', '95065', 'ninguna', 1, 1, 185),
(35, '858-965-9667 x140', '95202', 73, 2, 2, '687', '95202', 'ninguna', 1, 0, 120),
(36, '329-805-0146', '10081', 57, 2, 2, '532', '10081', 'ninguna', 1, 0, 187),
(37, '317.842.0614', '32040', 101, 2, 2, '266', '32040', 'ninguna', 1, 1, 130),
(38, '517.622.4605 x54310', '95639', 77, 1, 1, '617', '95639', 'ninguna', 1, 1, 234),
(39, '751-865-4151 x84871', '50275', 60, 1, 1, '955', '50275', 'ninguna', 1, 1, 23),
(40, '437.961.3703 x550', '14926', 53, 1, 1, '386', '14926', 'ninguna', 1, 0, 117),
(41, '1-393-604-4349', '95530', 97, 1, 1, '392', '95530', 'ninguna', 1, 1, 172),
(42, '1-957-273-9826 x93540', '73547', 36, 1, 1, '948', '73547', 'ninguna', 1, 1, 130),
(43, '478.559.0684 x362', '17129', 40, 1, 1, '615', '17129', 'ninguna', 1, 1, 193),
(44, '751.228.8960', '58712', 93, 2, 2, '411', '58712', 'ninguna', 1, 0, 194),
(45, '864.389.1474 x3976', '69635', 32, 2, 2, '529', '69635', 'ninguna', 1, 0, 150),
(46, '1-459-515-1453', '98419', 97, 1, 1, '910', '98419', 'ninguna', 1, 0, 196),
(47, '+1 (671) 759-8460', '33309', 94, 2, 2, '503', '33309', 'ninguna', 1, 1, 184),
(48, '+1 (520) 240-0893', '63066', 94, 2, 2, '441', '63066', 'ninguna', 1, 1, 14),
(49, '+1 (371) 666-9556', '13861', 65, 2, 2, '289', '13861', 'ninguna', 1, 1, 164),
(50, '326-450-8632 x831', '73931', 19, 1, 1, '642', '73931', 'ninguna', 1, 0, 202),
(51, '908.777.5503 x15744', '53007', 33, 2, 2, '646', '53007', 'ninguna', 1, 1, 2),
(52, '(639) 320-8089 x20878', '63445', 8, 1, 1, '134', '63445', 'ninguna', 1, 1, 243),
(53, '+1 (898) 914-8862', '72430', 66, 2, 2, '900', '72430', 'ninguna', 1, 1, 12),
(54, '973-765-4184', '46599', 80, 1, 1, '545', '46599', 'ninguna', 1, 1, 172),
(55, '+1-325-943-9288', '25424', 25, 2, 2, '451', '25424', 'ninguna', 1, 0, 5),
(56, '+1-730-544-1720', '99882', 26, 2, 2, '260', '99882', 'ninguna', 1, 1, 215),
(57, '(338) 318-7105 x78127', '29601', 17, 2, 2, '103', '29601', 'ninguna', 1, 1, 92),
(58, '1-927-786-7490', '90982', 85, 2, 2, '249', '90982', 'ninguna', 1, 1, 33),
(59, '508-455-5842 x58873', '69276', 7, 1, 1, '596', '69276', 'ninguna', 1, 0, 130),
(60, '+1-490-863-9570', '50466', 68, 1, 1, '907', '50466', 'ninguna', 1, 0, 222),
(61, '(504) 313-6959 x86123', '64404', 79, 2, 2, '632', '64404', 'ninguna', 1, 1, 109),
(62, '1-262-360-6496 x281', '70918', 24, 2, 2, '989', '70918', 'ninguna', 1, 1, 161),
(63, '+14316243968', '39912', 55, 1, 1, '168', '39912', 'ninguna', 1, 0, 120),
(64, '(614) 550-1797', '36717', 19, 1, 1, '672', '36717', 'ninguna', 1, 1, 12),
(65, '1-252-361-9510 x7991', '71098', 59, 2, 2, '612', '71098', 'ninguna', 1, 0, 239),
(66, '+1 (357) 979-6687', '35044', 78, 1, 1, '382', '35044', 'ninguna', 1, 0, 214),
(67, '(535) 676-5171', '80765', 19, 1, 1, '809', '80765', 'ninguna', 1, 1, 107),
(68, '+1.303.495.5971', '54682', 98, 2, 2, '601', '54682', 'ninguna', 1, 1, 203),
(69, '583-652-5067', '45073', 73, 2, 2, '531', '45073', 'ninguna', 1, 1, 90),
(70, '1-280-535-6025 x618', '15867', 70, 2, 2, '724', '15867', 'ninguna', 1, 0, 21),
(71, '329-509-6875 x4084', '23375', 55, 2, 2, '267', '23375', 'ninguna', 1, 0, 123),
(72, '287.276.2599 x1714', '77559', 20, 1, 1, '231', '77559', 'ninguna', 1, 0, 36),
(73, '(783) 718-6423', '17185', 70, 1, 1, '105', '17185', 'ninguna', 1, 1, 224),
(74, '1-860-893-9357 x69933', '42043', 64, 2, 2, '861', '42043', 'ninguna', 1, 1, 71),
(75, '+19028248428', '25337', 72, 1, 1, '323', '25337', 'ninguna', 1, 0, 179),
(76, '+1 (716) 846-6983', '22903', 105, 2, 2, '335', '22903', 'ninguna', 1, 0, 211),
(77, '265.796.8595 x836', '34759', 27, 2, 2, '269', '34759', 'ninguna', 1, 1, 5),
(78, '+1 (458) 970-4384', '63838', 1, 2, 2, '788', '63838', 'ninguna', 1, 0, 244),
(79, '1-968-310-0458 x81238', '79196', 1, 1, 1, '405', '79196', 'ninguna', 1, 0, 211),
(80, '959-607-9243', '54688', 77, 2, 2, '736', '54688', 'ninguna', 1, 0, 30),
(81, '+1-948-983-0403', '68222', 55, 2, 2, '691', '68222', 'ninguna', 1, 1, 36),
(82, '1-985-259-2489', '17383', 30, 1, 1, '595', '17383', 'ninguna', 1, 0, 6),
(83, '+1.612.820.6483', '66650', 68, 2, 2, '154', '66650', 'ninguna', 1, 0, 233),
(84, '386.231.5025 x8469', '52578', 97, 1, 1, '201', '52578', 'ninguna', 1, 0, 153),
(85, '238.738.2359', '13908', 101, 2, 2, '637', '13908', 'ninguna', 1, 0, 154),
(86, '543.270.0072', '59871', 83, 2, 2, '614', '59871', 'ninguna', 1, 1, 53),
(87, '+1 (354) 222-9159', '54459', 49, 2, 2, '880', '54459', 'ninguna', 1, 0, 114),
(88, '276.628.2111', '26533', 85, 1, 1, '362', '26533', 'ninguna', 1, 1, 125),
(89, '826-501-6877', '53735', 1, 2, 2, '451', '53735', 'ninguna', 1, 0, 193),
(90, '1-689-387-3293 x341', '27365', 44, 1, 1, '126', '27365', 'ninguna', 1, 1, 208),
(91, '+1.494.403.3770', '94165', 104, 1, 1, '141', '94165', 'ninguna', 1, 0, 32),
(92, '435-776-0241', '60050', 35, 1, 1, '486', '60050', 'ninguna', 1, 0, 198),
(93, '+1.661.589.8444', '61203', 78, 2, 2, '901', '61203', 'ninguna', 1, 1, 171),
(94, '960.255.1782', '34082', 34, 2, 2, '196', '34082', 'ninguna', 1, 1, 34),
(95, '(507) 641-3977', '76623', 7, 2, 2, '394', '76623', 'ninguna', 1, 1, 226),
(96, '509.724.7550', '46833', 51, 2, 2, '406', '46833', 'ninguna', 1, 0, 237),
(97, '1-201-817-4943', '70158', 7, 2, 2, '346', '70158', 'ninguna', 1, 1, 155),
(98, '364.961.2124', '42010', 43, 2, 2, '310', '42010', 'ninguna', 1, 0, 145),
(99, '1-459-297-8303 x77813', '66269', 93, 2, 2, '177', '66269', 'ninguna', 1, 1, 168),
(100, '(858) 296-8575', '60147', 91, 2, 2, '275', '60147', 'ninguna', 1, 1, 160),
(101, '(889) 649-4720', '66151', 83, 2, 2, '209', '66151', 'ninguna', 1, 1, 18),
(102, '298-703-4313 x73281', '92592', 16, 1, 1, '316', '92592', 'ninguna', 1, 1, 67),
(103, '587-230-3997 x48152', '45405', 83, 1, 1, '421', '45405', 'ninguna', 1, 0, 86),
(104, '640-374-1018 x9491', '49315', 102, 1, 1, '245', '49315', 'ninguna', 1, 0, 230),
(105, '(772) 225-8702 x0243', '26903', 29, 2, 2, '639', '26903', 'ninguna', 1, 1, 176),
(106, '(270) 692-2001', '26401', 101, 1, 1, '464', '26401', 'ninguna', 1, 0, 169),
(107, '432-290-9702 x805', '83231', 101, 2, 2, '115', '83231', 'ninguna', 1, 0, 156),
(108, '1-508-340-8074 x84699', '72231', 60, 2, 2, '742', '72231', 'ninguna', 1, 1, 84),
(109, '(581) 319-2722 x56330', '18186', 10, 1, 1, '223', '18186', 'ninguna', 1, 0, 57),
(110, '(426) 806-6865', '98248', 64, 1, 1, '726', '98248', 'ninguna', 1, 1, 246),
(111, '1-901-228-6676 x68508', '75891', 96, 1, 1, '719', '75891', 'ninguna', 1, 0, 173),
(112, '(414) 653-4572', '32451', 35, 2, 2, '991', '32451', 'ninguna', 1, 0, 85),
(113, '1-790-896-3659', '29925', 53, 2, 2, '977', '29925', 'ninguna', 1, 1, 120),
(114, '616-460-6546 x53219', '10881', 57, 1, 1, '440', '10881', 'ninguna', 1, 1, 176),
(115, '(719) 789-8024', '21145', 16, 1, 1, '847', '21145', 'ninguna', 1, 0, 220),
(116, '439.201.1012 x796', '25411', 92, 2, 2, '814', '25411', 'ninguna', 1, 1, 214),
(117, '228-870-6200', '52522', 27, 2, 2, '275', '52522', 'ninguna', 1, 1, 214),
(118, '446.978.5056', '35918', 88, 2, 2, '776', '35918', 'ninguna', 1, 0, 41),
(119, '+1-334-439-6963', '49199', 20, 1, 1, '209', '49199', 'ninguna', 1, 0, 236),
(120, '(557) 735-0511 x84204', '54334', 28, 2, 2, '855', '54334', 'ninguna', 1, 0, 62),
(121, '1-917-464-7409', '43670', 19, 1, 1, '522', '43670', 'ninguna', 1, 0, 84),
(122, '781-743-5862 x5630', '21573', 66, 2, 2, '697', '21573', 'ninguna', 1, 0, 188),
(123, '+1.751.829.6661', '76730', 87, 2, 2, '377', '76730', 'ninguna', 1, 1, 169),
(124, '+1-545-979-3844', '16873', 30, 1, 1, '762', '16873', 'ninguna', 1, 1, 140),
(125, '(531) 877-7472 x12387', '94815', 93, 2, 2, '545', '94815', 'ninguna', 1, 1, 231),
(126, '1-823-289-0029 x5047', '33601', 100, 1, 1, '711', '33601', 'ninguna', 1, 0, 50),
(127, '+1-238-560-4324', '93710', 76, 2, 2, '888', '93710', 'ninguna', 1, 1, 99),
(128, '(986) 284-8301 x8072', '10727', 92, 2, 2, '157', '10727', 'ninguna', 1, 0, 80),
(129, '1-680-684-8281 x1959', '14287', 1, 1, 1, '761', '14287', 'ninguna', 1, 1, 173),
(130, '309.606.9576', '47396', 52, 1, 1, '226', '47396', 'ninguna', 1, 1, 81),
(131, '(906) 736-4378 x5987', '69174', 35, 1, 1, '872', '69174', 'ninguna', 1, 0, 37),
(132, '747.968.1852 x5005', '85278', 37, 2, 2, '927', '85278', 'ninguna', 1, 1, 223),
(133, '1-268-582-9931', '56532', 82, 1, 1, '870', '56532', 'ninguna', 1, 1, 156),
(134, '1-305-968-1222 x62723', '17871', 25, 2, 2, '639', '17871', 'ninguna', 1, 1, 98),
(135, '1-365-285-8559 x37236', '84366', 79, 2, 2, '127', '84366', 'ninguna', 1, 0, 138),
(136, '+14949220458', '54528', 8, 2, 2, '870', '54528', 'ninguna', 1, 0, 25),
(137, '624.656.1765 x8365', '54426', 71, 2, 2, '628', '54426', 'ninguna', 1, 1, 138),
(138, '759-855-9237 x39409', '22989', 12, 1, 1, '796', '22989', 'ninguna', 1, 1, 125),
(139, '783.544.3950', '30891', 4, 2, 2, '565', '30891', 'ninguna', 1, 1, 78),
(140, '507.703.3658 x798', '49789', 79, 2, 2, '519', '49789', 'ninguna', 1, 1, 140),
(141, '953-492-5874 x541', '59303', 60, 1, 1, '708', '59303', 'ninguna', 1, 1, 168),
(142, '1-921-245-2933', '47546', 103, 1, 1, '878', '47546', 'ninguna', 1, 1, 94),
(143, '425.580.6791 x3336', '29889', 92, 2, 2, '836', '29889', 'ninguna', 1, 1, 19),
(144, '751-471-2123', '52503', 105, 1, 1, '468', '52503', 'ninguna', 1, 1, 174),
(145, '+13643353571', '41182', 4, 1, 1, '814', '41182', 'ninguna', 1, 0, 41),
(146, '712.274.9353 x97408', '38846', 73, 1, 1, '692', '38846', 'ninguna', 1, 0, 113),
(147, '(701) 915-5390 x3160', '35014', 7, 2, 2, '380', '35014', 'ninguna', 1, 1, 199),
(148, '1-640-926-1796', '90867', 2, 1, 1, '175', '90867', 'ninguna', 1, 0, 42),
(149, '+1 (245) 672-3852', '48748', 79, 1, 1, '928', '48748', 'ninguna', 1, 1, 113),
(150, '912.498.0937 x2971', '87814', 2, 1, 1, '223', '87814', 'ninguna', 1, 1, 42),
(151, '+1.638.600.1251', '91866', 105, 2, 2, '748', '91866', 'ninguna', 1, 0, 117),
(152, '728.390.9245 x908', '33929', 1, 2, 2, '872', '33929', 'ninguna', 1, 0, 53),
(153, '847-722-7975', '52469', 86, 1, 1, '122', '52469', 'ninguna', 1, 0, 227),
(154, '727.491.2739 x59972', '16611', 76, 1, 1, '167', '16611', 'ninguna', 1, 0, 41),
(155, '381.400.1767 x372', '14037', 72, 1, 1, '835', '14037', 'ninguna', 1, 1, 153),
(156, '+1.339.664.7235', '45692', 16, 2, 2, '420', '45692', 'ninguna', 1, 0, 184),
(157, '486-244-4014 x802', '55088', 94, 2, 2, '564', '55088', 'ninguna', 1, 0, 53),
(158, '(889) 418-5146 x3516', '86617', 12, 2, 2, '398', '86617', 'ninguna', 1, 1, 137),
(159, '894.662.7987', '22012', 33, 1, 1, '843', '22012', 'ninguna', 1, 1, 193),
(160, '603-456-3321 x731', '45313', 78, 1, 1, '674', '45313', 'ninguna', 1, 0, 153),
(161, '485.689.8690', '76998', 8, 1, 1, '375', '76998', 'ninguna', 1, 1, 243),
(162, '+1-397-652-6529', '12914', 31, 1, 1, '661', '12914', 'ninguna', 1, 0, 93),
(163, '+1-606-709-0695', '58265', 87, 2, 2, '388', '58265', 'ninguna', 1, 1, 205),
(164, '+1-286-876-6204', '17911', 53, 2, 2, '389', '17911', 'ninguna', 1, 1, 100),
(165, '1-736-789-3615 x7964', '97773', 48, 1, 1, '399', '97773', 'ninguna', 1, 0, 173),
(166, '(452) 463-8308 x28153', '90921', 2, 1, 1, '537', '90921', 'ninguna', 1, 1, 54),
(167, '1-245-492-3496 x28633', '26947', 102, 1, 1, '655', '26947', 'ninguna', 1, 0, 196),
(168, '+1-723-862-0844', '33051', 80, 1, 1, '658', '33051', 'ninguna', 1, 0, 134),
(169, '+1-202-213-4553', '61715', 34, 2, 2, '751', '61715', 'ninguna', 1, 1, 55),
(170, '+1 (960) 340-6344', '74747', 69, 2, 2, '236', '74747', 'ninguna', 1, 1, 223),
(171, '(517) 399-0897 x7400', '22010', 95, 2, 2, '997', '22010', 'ninguna', 1, 1, 116),
(172, '1-757-825-8479', '86073', 18, 1, 1, '758', '86073', 'ninguna', 1, 1, 54),
(173, '386.572.8437 x352', '49418', 53, 2, 2, '641', '49418', 'ninguna', 1, 0, 177),
(174, '812-763-2016 x7526', '88981', 85, 1, 1, '797', '88981', 'ninguna', 1, 0, 206),
(175, '202.639.8978 x51860', '32931', 76, 1, 1, '740', '32931', 'ninguna', 1, 0, 139),
(176, '1-965-621-4752', '27112', 92, 1, 1, '147', '27112', 'ninguna', 1, 1, 170),
(177, '1-205-805-0796 x38980', '20052', 32, 1, 1, '427', '20052', 'ninguna', 1, 1, 162),
(178, '(547) 205-7069 x32227', '90558', 60, 2, 2, '188', '90558', 'ninguna', 1, 0, 140),
(179, '+13297642820', '47694', 1, 2, 2, '813', '47694', 'ninguna', 1, 0, 209),
(180, '(272) 267-5692 x71219', '42930', 8, 2, 2, '761', '42930', 'ninguna', 1, 0, 231),
(181, '1-794-250-4731 x2816', '52156', 6, 1, 1, '960', '52156', 'ninguna', 1, 1, 58),
(182, '271.675.6762', '43628', 22, 2, 2, '969', '43628', 'ninguna', 1, 0, 198),
(183, '227.848.3183 x6524', '53572', 25, 2, 2, '398', '53572', 'ninguna', 1, 1, 75),
(184, '489.421.4921 x3389', '28962', 26, 2, 2, '641', '28962', 'ninguna', 1, 0, 30),
(185, '(692) 508-2658 x8716', '28258', 9, 1, 1, '522', '28258', 'ninguna', 1, 0, 240),
(186, '1-226-875-6573 x887', '52732', 27, 2, 2, '474', '52732', 'ninguna', 1, 1, 88),
(187, '1-527-405-9626', '53953', 16, 1, 1, '679', '53953', 'ninguna', 1, 0, 235),
(188, '+1.856.848.0364', '73215', 73, 2, 2, '927', '73215', 'ninguna', 1, 0, 222),
(189, '+1-975-900-4681', '33593', 12, 2, 2, '700', '33593', 'ninguna', 1, 0, 208),
(190, '(363) 452-4867', '44191', 33, 1, 1, '941', '44191', 'ninguna', 1, 1, 27),
(191, '(590) 438-6288 x9364', '85958', 101, 2, 2, '748', '85958', 'ninguna', 1, 0, 241),
(192, '(995) 492-0654', '83894', 54, 2, 2, '601', '83894', 'ninguna', 1, 0, 27),
(193, '298.589.7621 x9209', '31124', 76, 1, 1, '385', '31124', 'ninguna', 1, 0, 54),
(194, '(892) 307-0730 x914', '36058', 88, 1, 1, '856', '36058', 'ninguna', 1, 1, 78),
(195, '+1-701-519-8200', '97553', 32, 1, 1, '683', '97553', 'ninguna', 1, 1, 201),
(196, '+1-219-564-4763', '67818', 50, 2, 2, '540', '67818', 'ninguna', 1, 1, 191),
(197, '354-687-4460', '39105', 18, 1, 1, '478', '39105', 'ninguna', 1, 0, 121),
(198, '591.272.6948', '24000', 20, 1, 1, '905', '24000', 'ninguna', 1, 1, 137),
(199, '(996) 889-0363', '16945', 18, 2, 2, '859', '16945', 'ninguna', 1, 1, 225),
(200, '250-467-1396 x035', '97422', 69, 1, 1, '947', '97422', 'ninguna', 1, 1, 159),
(201, '+1-435-733-9182', '39098', 22, 1, 1, '533', '39098', 'ninguna', 1, 1, 92),
(202, '1-495-319-5128 x8291', '48697', 100, 1, 1, '232', '48697', 'ninguna', 1, 1, 189),
(203, '593.463.0539', '38251', 1, 2, 2, '507', '38251', 'ninguna', 1, 1, 194),
(204, '434-681-0658 x29133', '58479', 61, 1, 1, '201', '58479', 'ninguna', 1, 0, 204),
(205, '+1-846-708-0265', '76631', 9, 2, 2, '285', '76631', 'ninguna', 1, 1, 46),
(206, '(346) 419-0042 x79301', '18347', 17, 1, 1, '443', '18347', 'ninguna', 1, 1, 243),
(207, '+15625105332', '83005', 2, 2, 2, '439', '83005', 'ninguna', 1, 1, 172),
(208, '529.676.4765', '95507', 40, 2, 2, '478', '95507', 'ninguna', 1, 0, 129),
(209, '593-885-3814', '21996', 31, 1, 1, '574', '21996', 'ninguna', 1, 0, 166),
(210, '965-357-4498 x1470', '12063', 67, 1, 1, '999', '12063', 'ninguna', 1, 1, 94),
(211, '1-442-237-4333 x5734', '21891', 24, 2, 2, '285', '21891', 'ninguna', 1, 1, 126),
(212, '1-703-824-9031 x01654', '96244', 79, 2, 2, '230', '96244', 'ninguna', 1, 0, 114),
(213, '(445) 631-8085', '10681', 53, 1, 1, '266', '10681', 'ninguna', 1, 0, 41),
(214, '996-207-6162 x98748', '51503', 34, 1, 1, '753', '51503', 'ninguna', 1, 0, 244),
(215, '+17122601828', '68346', 4, 1, 1, '223', '68346', 'ninguna', 1, 0, 156),
(216, '+12243430108', '17069', 82, 1, 1, '746', '17069', 'ninguna', 1, 0, 144),
(217, '1-868-896-1030 x56296', '83865', 16, 1, 1, '207', '83865', 'ninguna', 1, 1, 48),
(218, '(895) 349-9455 x475', '71822', 103, 1, 1, '590', '71822', 'ninguna', 1, 1, 142),
(219, '(747) 422-5868', '48011', 27, 1, 1, '259', '48011', 'ninguna', 1, 0, 141),
(220, '1-680-341-4419', '52484', 23, 1, 1, '121', '52484', 'ninguna', 1, 0, 10),
(221, '(952) 776-3036', '54006', 53, 2, 2, '932', '54006', 'ninguna', 1, 1, 147),
(222, '(524) 631-1056 x061', '28507', 93, 1, 1, '202', '28507', 'ninguna', 1, 1, 224),
(223, '770.782.3269 x87376', '97472', 22, 1, 1, '794', '97472', 'ninguna', 1, 0, 140),
(224, '275-210-9077 x92118', '10393', 7, 1, 1, '241', '10393', 'ninguna', 1, 1, 65),
(225, '1-664-555-7829 x82219', '41324', 81, 2, 2, '630', '41324', 'ninguna', 1, 1, 184),
(226, '751.374.4236 x8623', '70361', 33, 1, 1, '276', '70361', 'ninguna', 1, 1, 120),
(227, '307.431.8296 x21104', '41797', 25, 1, 1, '297', '41797', 'ninguna', 1, 1, 134),
(228, '221-849-4953', '25490', 98, 1, 1, '796', '25490', 'ninguna', 1, 0, 216),
(229, '+1.448.552.5694', '66091', 60, 1, 1, '260', '66091', 'ninguna', 1, 1, 147),
(230, '553.531.3182 x710', '36928', 52, 2, 2, '322', '36928', 'ninguna', 1, 0, 154),
(231, '241.382.0817', '20728', 34, 1, 1, '768', '20728', 'ninguna', 1, 1, 221),
(232, '213-796-2240 x17060', '91606', 7, 1, 1, '762', '91606', 'ninguna', 1, 1, 171),
(233, '1-485-472-3629', '44376', 35, 2, 2, '794', '44376', 'ninguna', 1, 0, 205),
(234, '1-556-500-4305', '30834', 48, 2, 2, '248', '30834', 'ninguna', 1, 1, 159),
(235, '1-540-672-3709 x7372', '46870', 42, 2, 2, '288', '46870', 'ninguna', 1, 1, 26),
(236, '987-223-1816 x42946', '11236', 84, 1, 1, '927', '11236', 'ninguna', 1, 0, 65),
(237, '1-437-207-7038', '54822', 27, 2, 2, '910', '54822', 'ninguna', 1, 1, 226),
(238, '295-341-0746', '92403', 60, 1, 1, '392', '92403', 'ninguna', 1, 1, 46),
(239, '731-679-9956 x4308', '61883', 20, 1, 1, '460', '61883', 'ninguna', 1, 1, 70),
(240, '641.224.7040 x0499', '44048', 62, 1, 1, '707', '44048', 'ninguna', 1, 1, 71),
(241, '+1-357-491-4301', '69403', 6, 2, 2, '443', '69403', 'ninguna', 1, 1, 149),
(242, '1-243-771-1062 x225', '19866', 22, 2, 2, '137', '19866', 'ninguna', 1, 1, 157),
(243, '1-605-895-8303 x347', '61786', 8, 1, 1, '832', '61786', 'ninguna', 1, 1, 6),
(244, '(283) 359-6262', '83905', 49, 2, 2, '355', '83905', 'ninguna', 1, 0, 120),
(245, '+14295034571', '29721', 105, 2, 2, '268', '29721', 'ninguna', 1, 1, 46),
(246, '+1-230-914-8239', '66835', 65, 1, 1, '558', '66835', 'ninguna', 1, 0, 111),
(247, '737.408.3716 x45330', '65964', 67, 1, 1, '983', '65964', 'ninguna', 1, 1, 17),
(248, '816-637-8822 x8418', '19557', 101, 1, 1, '133', '19557', 'ninguna', 1, 1, 130),
(249, '826.708.8637 x75575', '29685', 105, 2, 2, '154', '29685', 'ninguna', 1, 1, 217),
(250, '572-362-6809', '51619', 57, 1, 1, '970', '51619', 'ninguna', 1, 1, 95),
(251, '1-308-645-1882', '63465', 52, 2, 2, '283', '63465', 'ninguna', 1, 0, 46),
(252, '+1-441-893-3415', '80945', 72, 1, 1, '121', '80945', 'ninguna', 1, 0, 16),
(253, '436.579.5216', '74929', 11, 1, 1, '922', '74929', 'ninguna', 1, 0, 143),
(254, '+1-548-787-2613', '24453', 38, 1, 1, '882', '24453', 'ninguna', 1, 0, 38),
(255, '1-871-237-0850', '78408', 46, 1, 1, '155', '78408', 'ninguna', 1, 1, 97),
(256, '1-915-859-1078 x39815', '38859', 46, 2, 2, '710', '38859', 'ninguna', 1, 0, 77),
(257, '(901) 208-5300 x688', '54813', 62, 1, 1, '629', '54813', 'ninguna', 1, 0, 62),
(258, '+1-362-517-4929', '10209', 100, 2, 2, '361', '10209', 'ninguna', 1, 0, 48),
(259, '745.808.5009', '98403', 95, 2, 2, '332', '98403', 'ninguna', 1, 0, 158),
(260, '409.428.8324 x412', '69431', 72, 2, 2, '202', '69431', 'ninguna', 1, 1, 115),
(261, '1-223-415-0609 x2749', '16542', 60, 1, 1, '339', '16542', 'ninguna', 1, 0, 237),
(262, '+1-792-961-1551', '92227', 61, 1, 1, '342', '92227', 'ninguna', 1, 0, 106),
(263, '(335) 886-2135 x017', '76786', 83, 1, 1, '802', '76786', 'ninguna', 1, 1, 36),
(264, '(464) 316-7684 x14440', '42365', 73, 2, 2, '165', '42365', 'ninguna', 1, 0, 114),
(265, '+12575304025', '51566', 54, 1, 1, '755', '51566', 'ninguna', 1, 0, 120),
(266, '241-408-5294 x725', '17267', 64, 1, 1, '633', '17267', 'ninguna', 1, 0, 39),
(267, '+1.382.292.9607', '56781', 27, 2, 2, '999', '56781', 'ninguna', 1, 1, 200),
(268, '1-965-839-1858', '94371', 16, 2, 2, '256', '94371', 'ninguna', 1, 0, 120),
(269, '465-489-2030 x01420', '25131', 65, 1, 1, '372', '25131', 'ninguna', 1, 1, 118),
(270, '1-496-744-6567', '95507', 47, 2, 2, '163', '95507', 'ninguna', 1, 1, 3),
(271, '(514) 405-9525 x41032', '68347', 73, 2, 2, '986', '68347', 'ninguna', 1, 0, 111),
(272, '+1-367-620-7853', '37032', 55, 1, 1, '653', '37032', 'ninguna', 1, 0, 168),
(273, '650-299-4451 x864', '25968', 6, 1, 1, '473', '25968', 'ninguna', 1, 0, 185),
(274, '+1-497-428-6965', '23231', 86, 2, 2, '976', '23231', 'ninguna', 1, 1, 146),
(275, '(539) 598-5016', '62588', 23, 2, 2, '641', '62588', 'ninguna', 1, 1, 168),
(276, '359.300.5670', '28619', 96, 2, 2, '117', '28619', 'ninguna', 1, 0, 12),
(277, '445-318-4495 x9342', '59233', 2, 2, 2, '236', '59233', 'ninguna', 1, 0, 174),
(278, '278.596.2224', '82254', 98, 1, 1, '207', '82254', 'ninguna', 1, 0, 26),
(279, '892-689-3216 x956', '23911', 35, 2, 2, '718', '23911', 'ninguna', 1, 1, 107),
(280, '1-475-355-4851', '49845', 102, 2, 2, '535', '49845', 'ninguna', 1, 0, 4),
(281, '(690) 928-0014', '83746', 60, 2, 2, '223', '83746', 'ninguna', 1, 1, 3),
(282, '1-931-769-3065', '37778', 69, 1, 1, '278', '37778', 'ninguna', 1, 1, 238),
(283, '+1-538-917-4879', '98914', 67, 1, 1, '396', '98914', 'ninguna', 1, 0, 193),
(284, '546.377.1089 x986', '74296', 38, 1, 1, '458', '74296', 'ninguna', 1, 1, 103),
(285, '653.445.1058 x5504', '84203', 32, 1, 1, '678', '84203', 'ninguna', 1, 0, 250),
(286, '+1-938-684-9691', '90119', 93, 2, 2, '392', '90119', 'ninguna', 1, 1, 139),
(287, '+1.203.426.0933', '49565', 1, 1, 1, '975', '49565', 'ninguna', 1, 1, 87),
(288, '1-484-894-7055 x991', '60428', 56, 2, 2, '563', '60428', 'ninguna', 1, 1, 117),
(289, '620.721.9132', '15020', 58, 1, 1, '285', '15020', 'ninguna', 1, 1, 120),
(290, '356.330.3898 x595', '73354', 93, 1, 1, '406', '73354', 'ninguna', 1, 1, 201),
(291, '1-327-537-7894 x5212', '29665', 15, 2, 2, '883', '29665', 'ninguna', 1, 0, 52),
(292, '1-556-952-1578 x74261', '89749', 101, 2, 2, '112', '89749', 'ninguna', 1, 0, 156),
(293, '(338) 336-7094', '74196', 26, 2, 2, '920', '74196', 'ninguna', 1, 0, 46),
(294, '546-949-3182', '47008', 85, 1, 1, '846', '47008', 'ninguna', 1, 1, 77),
(295, '+1.831.572.1746', '40543', 14, 2, 2, '780', '40543', 'ninguna', 1, 1, 79),
(296, '796-803-2800 x732', '72059', 74, 1, 1, '555', '72059', 'ninguna', 1, 0, 163),
(297, '236-653-6415', '88893', 101, 1, 1, '749', '88893', 'ninguna', 1, 0, 136),
(298, '1-924-679-7573', '23738', 28, 2, 2, '553', '23738', 'ninguna', 1, 1, 182),
(299, '924-480-0661', '75457', 16, 2, 2, '810', '75457', 'ninguna', 1, 0, 213),
(300, '1-659-859-6845', '52231', 94, 1, 1, '884', '52231', 'ninguna', 1, 0, 251),
(301, '565.854.5139 x33421', '26069', 74, 2, 2, '822', '26069', 'ninguna', 1, 0, 16),
(302, '(281) 435-1693 x944', '94405', 74, 2, 2, '744', '94405', 'ninguna', 1, 0, 67),
(303, '+1.314.351.1647', '79655', 41, 1, 1, '835', '79655', 'ninguna', 1, 1, 251),
(304, '265-923-4208', '62496', 10, 2, 2, '930', '62496', 'ninguna', 1, 1, 159),
(305, '1-638-445-4570', '25261', 36, 1, 1, '879', '25261', 'ninguna', 1, 0, 222),
(306, '+12293850981', '58717', 72, 1, 1, '558', '58717', 'ninguna', 1, 0, 249),
(307, '685.822.2074 x3999', '55184', 28, 1, 1, '952', '55184', 'ninguna', 1, 0, 184),
(308, '1-565-229-3820 x38773', '57056', 70, 2, 2, '489', '57056', 'ninguna', 1, 0, 246),
(309, '+1.430.821.2151', '13390', 100, 1, 1, '516', '13390', 'ninguna', 1, 0, 249),
(310, '(817) 328-8823', '52325', 9, 2, 2, '732', '52325', 'ninguna', 1, 0, 2),
(311, '865-588-9966', '91174', 105, 2, 2, '353', '91174', 'ninguna', 1, 1, 91),
(312, '1-372-439-8390 x854', '82799', 59, 2, 2, '289', '82799', 'ninguna', 1, 0, 198),
(313, '545.231.5085 x4567', '75477', 38, 2, 2, '240', '75477', 'ninguna', 1, 0, 43),
(314, '938.764.3477 x288', '72330', 20, 2, 2, '542', '72330', 'ninguna', 1, 0, 178),
(315, '306.784.5987 x1449', '58122', 7, 2, 2, '632', '58122', 'ninguna', 1, 0, 207),
(316, '(582) 215-6819 x16861', '58722', 28, 1, 1, '336', '58722', 'ninguna', 1, 0, 46),
(317, '289.283.2890', '43481', 94, 1, 1, '973', '43481', 'ninguna', 1, 1, 76),
(318, '+1 (439) 436-3111', '46992', 26, 1, 1, '120', '46992', 'ninguna', 1, 1, 100),
(319, '+18862286987', '65048', 61, 1, 1, '948', '65048', 'ninguna', 1, 0, 94),
(320, '1-478-410-5324', '44802', 51, 1, 1, '771', '44802', 'ninguna', 1, 0, 183),
(321, '552.258.3103', '97813', 30, 1, 1, '249', '97813', 'ninguna', 1, 0, 30),
(322, '+1.423.733.5270', '51271', 10, 1, 1, '284', '51271', 'ninguna', 1, 0, 206),
(323, '+1-330-307-2646', '82659', 16, 2, 2, '844', '82659', 'ninguna', 1, 1, 7),
(324, '+1.584.347.3453', '23594', 47, 2, 2, '644', '23594', 'ninguna', 1, 1, 4),
(325, '(468) 587-2201 x31041', '20105', 25, 2, 2, '543', '20105', 'ninguna', 1, 1, 191),
(326, '225.489.2174 x344', '12757', 26, 2, 2, '443', '12757', 'ninguna', 1, 0, 200),
(327, '804-423-6344 x47054', '17285', 77, 2, 2, '992', '17285', 'ninguna', 1, 1, 101),
(328, '1-443-414-2684 x119', '96503', 83, 1, 1, '469', '96503', 'ninguna', 1, 0, 141),
(329, '+19815807771', '83498', 9, 1, 1, '895', '83498', 'ninguna', 1, 0, 114),
(330, '669.527.7141', '30211', 46, 2, 2, '132', '30211', 'ninguna', 1, 1, 192),
(331, '+1 (463) 938-0283', '97750', 31, 1, 1, '779', '97750', 'ninguna', 1, 1, 114),
(332, '526.600.0761 x346', '90659', 80, 2, 2, '828', '90659', 'ninguna', 1, 1, 78),
(333, '1-671-308-5061 x06018', '90597', 80, 1, 1, '419', '90597', 'ninguna', 1, 1, 156),
(334, '+1.280.753.9603', '99979', 58, 2, 2, '450', '99979', 'ninguna', 1, 1, 67),
(335, '1-729-307-5935 x59055', '25421', 56, 1, 1, '408', '25421', 'ninguna', 1, 0, 135),
(336, '+1 (458) 351-2981', '94073', 44, 1, 1, '432', '94073', 'ninguna', 1, 0, 5),
(337, '+18419455807', '75562', 43, 1, 1, '272', '75562', 'ninguna', 1, 0, 167),
(338, '+1.772.742.2376', '48021', 46, 1, 1, '378', '48021', 'ninguna', 1, 0, 131),
(339, '975.535.5059 x869', '72490', 48, 2, 2, '547', '72490', 'ninguna', 1, 1, 71),
(340, '+1 (892) 203-9913', '62719', 58, 1, 1, '155', '62719', 'ninguna', 1, 0, 107),
(341, '901-593-2863', '66418', 23, 1, 1, '956', '66418', 'ninguna', 1, 1, 209),
(342, '436-433-7358 x066', '79575', 62, 1, 1, '770', '79575', 'ninguna', 1, 1, 39),
(343, '+1.297.238.6535', '70660', 20, 2, 2, '250', '70660', 'ninguna', 1, 0, 11),
(344, '365-800-7724', '26369', 20, 2, 2, '523', '26369', 'ninguna', 1, 0, 53),
(345, '912-968-6876', '39612', 102, 1, 1, '345', '39612', 'ninguna', 1, 1, 42),
(346, '605-712-5560', '49210', 73, 2, 2, '485', '49210', 'ninguna', 1, 1, 173),
(347, '1-243-360-5482 x938', '59803', 9, 1, 1, '382', '59803', 'ninguna', 1, 1, 239),
(348, '1-492-250-4504 x463', '11219', 33, 2, 2, '976', '11219', 'ninguna', 1, 0, 80),
(349, '318-494-4870', '11452', 31, 2, 2, '989', '11452', 'ninguna', 1, 0, 226),
(350, '(914) 918-4559 x68853', '83024', 63, 2, 2, '850', '83024', 'ninguna', 1, 1, 51),
(351, '(508) 993-6964 x1937', '48667', 16, 1, 1, '642', '48667', 'ninguna', 1, 1, 93),
(352, '(215) 426-9425', '26797', 70, 1, 1, '245', '26797', 'ninguna', 1, 1, 239),
(353, '1-386-749-1282', '14398', 97, 1, 1, '219', '14398', 'ninguna', 1, 1, 247),
(354, '602.834.3797', '66482', 17, 2, 2, '873', '66482', 'ninguna', 1, 1, 8),
(355, '(478) 416-2806 x79017', '99162', 58, 2, 2, '987', '99162', 'ninguna', 1, 1, 149),
(356, '(850) 887-1671 x18685', '41300', 43, 2, 2, '708', '41300', 'ninguna', 1, 1, 97),
(357, '1-731-260-5089', '90579', 85, 2, 2, '147', '90579', 'ninguna', 1, 1, 176),
(358, '218.606.1987', '52765', 79, 1, 1, '215', '52765', 'ninguna', 1, 1, 17),
(359, '961.750.1913', '40687', 84, 2, 2, '203', '40687', 'ninguna', 1, 0, 49),
(360, '790-388-6427 x098', '91105', 9, 1, 1, '143', '91105', 'ninguna', 1, 1, 66),
(361, '+1.407.489.2778', '41305', 7, 1, 1, '524', '41305', 'ninguna', 1, 0, 157),
(362, '(742) 253-6688 x46934', '63613', 22, 1, 1, '448', '63613', 'ninguna', 1, 0, 239),
(363, '575.467.5226', '80220', 69, 1, 1, '306', '80220', 'ninguna', 1, 0, 26),
(364, '1-720-716-3614', '87696', 27, 1, 1, '217', '87696', 'ninguna', 1, 0, 86),
(365, '1-331-900-5099', '54334', 25, 1, 1, '577', '54334', 'ninguna', 1, 0, 182),
(366, '828.350.1032 x803', '82873', 33, 1, 1, '974', '82873', 'ninguna', 1, 1, 250),
(367, '1-414-436-8071 x06136', '63099', 62, 1, 1, '847', '63099', 'ninguna', 1, 1, 56),
(368, '(928) 558-2925', '79746', 21, 2, 2, '336', '79746', 'ninguna', 1, 0, 202),
(369, '1-390-296-8072 x586', '89098', 42, 2, 2, '598', '89098', 'ninguna', 1, 1, 106),
(370, '207.363.2388', '33253', 90, 1, 1, '871', '33253', 'ninguna', 1, 1, 74),
(371, '1-963-719-5799 x167', '67534', 101, 1, 1, '325', '67534', 'ninguna', 1, 1, 61),
(372, '(392) 268-1835', '95308', 38, 1, 1, '234', '95308', 'ninguna', 1, 1, 34),
(373, '+1-835-492-2235', '48236', 54, 1, 1, '138', '48236', 'ninguna', 1, 1, 54),
(374, '292-218-8187 x29687', '63901', 104, 2, 2, '347', '63901', 'ninguna', 1, 0, 150),
(375, '847.586.2479 x316', '74221', 17, 2, 2, '138', '74221', 'ninguna', 1, 1, 49),
(376, '850-799-7896 x847', '85954', 76, 1, 1, '725', '85954', 'ninguna', 1, 0, 36),
(377, '1-675-488-9777 x70712', '44338', 60, 2, 2, '373', '44338', 'ninguna', 1, 0, 205),
(378, '+1-787-542-8913', '29126', 62, 2, 2, '963', '29126', 'ninguna', 1, 0, 158),
(379, '462-928-8258 x89804', '85673', 34, 1, 1, '627', '85673', 'ninguna', 1, 0, 99),
(380, '+1-925-410-0735', '99448', 73, 1, 1, '587', '99448', 'ninguna', 1, 1, 71),
(381, '1-713-365-8724', '38397', 14, 1, 1, '211', '38397', 'ninguna', 1, 0, 21),
(382, '617-917-4162', '25678', 90, 1, 1, '150', '25678', 'ninguna', 1, 1, 56),
(383, '(389) 483-2372', '58462', 79, 2, 2, '496', '58462', 'ninguna', 1, 0, 6),
(384, '259.762.2082', '15020', 52, 1, 1, '775', '15020', 'ninguna', 1, 0, 126),
(385, '1-885-383-7793 x96447', '62798', 81, 1, 1, '876', '62798', 'ninguna', 1, 0, 152),
(386, '+13235123988', '93302', 23, 1, 1, '981', '93302', 'ninguna', 1, 0, 243),
(387, '+1-541-554-3342', '32250', 95, 2, 2, '372', '32250', 'ninguna', 1, 0, 181),
(388, '369-900-3410 x19163', '52345', 91, 1, 1, '132', '52345', 'ninguna', 1, 1, 85),
(389, '269.381.0404 x6906', '31038', 10, 2, 2, '757', '31038', 'ninguna', 1, 0, 134),
(390, '1-249-512-1329 x704', '45097', 67, 1, 1, '494', '45097', 'ninguna', 1, 0, 152),
(391, '(556) 236-9903', '79699', 43, 2, 2, '899', '79699', 'ninguna', 1, 0, 203),
(392, '421-727-0719 x4055', '36166', 30, 2, 2, '472', '36166', 'ninguna', 1, 1, 115),
(393, '395.246.1587', '66248', 77, 2, 2, '495', '66248', 'ninguna', 1, 0, 217),
(394, '(623) 584-0349 x1374', '26580', 46, 2, 2, '816', '26580', 'ninguna', 1, 0, 251),
(395, '875-987-4434', '44043', 86, 2, 2, '146', '44043', 'ninguna', 1, 0, 195),
(396, '562.499.2704 x50270', '62329', 79, 1, 1, '432', '62329', 'ninguna', 1, 0, 82),
(397, '1-594-261-3616 x841', '36374', 98, 2, 2, '892', '36374', 'ninguna', 1, 0, 104),
(398, '416.720.8868', '71907', 16, 2, 2, '183', '71907', 'ninguna', 1, 1, 39),
(399, '(675) 603-4665 x9546', '76616', 41, 2, 2, '743', '76616', 'ninguna', 1, 0, 41),
(400, '398-363-7514 x621', '50709', 36, 2, 2, '811', '50709', 'ninguna', 1, 0, 212),
(401, '(936) 292-0963', '59054', 67, 1, 1, '533', '59054', 'ninguna', 1, 1, 111),
(402, '(523) 207-3642', '82719', 86, 2, 2, '683', '82719', 'ninguna', 1, 1, 76),
(403, '785-239-4644 x1405', '44138', 68, 2, 2, '672', '44138', 'ninguna', 1, 0, 171),
(404, '576-641-2156', '71174', 105, 2, 2, '715', '71174', 'ninguna', 1, 1, 224),
(405, '+1 (708) 945-9506', '54953', 10, 1, 1, '738', '54953', 'ninguna', 1, 0, 106),
(406, '541-370-0300 x42090', '89143', 90, 1, 1, '193', '89143', 'ninguna', 1, 1, 142),
(407, '449-534-4087 x4232', '31421', 85, 2, 2, '236', '31421', 'ninguna', 1, 1, 8),
(408, '571.506.8794 x49240', '41247', 71, 1, 1, '571', '41247', 'ninguna', 1, 0, 19),
(409, '+1.630.902.1783', '22091', 78, 2, 2, '975', '22091', 'ninguna', 1, 1, 253),
(410, '776-260-0304 x606', '39496', 62, 1, 1, '565', '39496', 'ninguna', 1, 1, 194),
(411, '457.220.5584', '78763', 14, 1, 1, '222', '78763', 'ninguna', 1, 0, 178),
(412, '+1 (465) 965-1337', '46980', 42, 1, 1, '793', '46980', 'ninguna', 1, 1, 112),
(413, '208.420.7820', '52063', 2, 2, 2, '798', '52063', 'ninguna', 1, 0, 230),
(414, '(487) 757-0652 x9007', '35715', 31, 2, 2, '118', '35715', 'ninguna', 1, 1, 49),
(415, '1-371-729-3589', '68606', 86, 1, 1, '326', '68606', 'ninguna', 1, 1, 190),
(416, '870-326-9822', '90606', 1, 1, 1, '495', '90606', 'ninguna', 1, 1, 136),
(417, '+1.657.986.7189', '83413', 49, 1, 1, '413', '83413', 'ninguna', 1, 0, 208),
(418, '(265) 264-8699', '76534', 66, 1, 1, '596', '76534', 'ninguna', 1, 0, 41),
(419, '+1-263-303-2099', '98314', 10, 2, 2, '689', '98314', 'ninguna', 1, 1, 36),
(420, '336-705-1468', '93774', 9, 1, 1, '958', '93774', 'ninguna', 1, 1, 96),
(421, '439-213-8283', '19265', 7, 2, 2, '410', '19265', 'ninguna', 1, 0, 165),
(422, '(585) 963-7298 x6432', '93848', 49, 1, 1, '638', '93848', 'ninguna', 1, 1, 20),
(423, '1-723-501-1844', '54846', 20, 1, 1, '643', '54846', 'ninguna', 1, 0, 110),
(424, '+1-916-634-7193', '38099', 48, 1, 1, '324', '38099', 'ninguna', 1, 1, 253),
(425, '+1-258-278-5931', '89877', 20, 2, 2, '910', '89877', 'ninguna', 1, 0, 66),
(426, '970.600.2718 x457', '54174', 83, 1, 1, '545', '54174', 'ninguna', 1, 0, 212),
(427, '215-533-7130 x377', '99275', 40, 2, 2, '210', '99275', 'ninguna', 1, 0, 165),
(428, '1-585-329-2292', '28854', 73, 2, 2, '432', '28854', 'ninguna', 1, 0, 251),
(429, '852.326.9607 x3619', '58916', 8, 2, 2, '344', '58916', 'ninguna', 1, 0, 9),
(430, '+1.796.467.2446', '94831', 29, 2, 2, '586', '94831', 'ninguna', 1, 0, 17),
(431, '438.281.8356', '41359', 12, 1, 1, '794', '41359', 'ninguna', 1, 0, 204),
(432, '393-252-1265 x488', '42390', 70, 2, 2, '803', '42390', 'ninguna', 1, 0, 132),
(433, '958-503-0573 x71312', '16549', 30, 2, 2, '654', '16549', 'ninguna', 1, 1, 111),
(434, '1-370-615-0210 x99316', '10347', 58, 2, 2, '768', '10347', 'ninguna', 1, 1, 84),
(435, '+18439376478', '26139', 97, 2, 2, '793', '26139', 'ninguna', 1, 0, 116),
(436, '298.787.2574 x01434', '96259', 36, 2, 2, '719', '96259', 'ninguna', 1, 1, 49),
(437, '+1 (978) 949-3011', '28501', 9, 2, 2, '979', '28501', 'ninguna', 1, 0, 190),
(438, '+1 (428) 788-9004', '64552', 79, 2, 2, '252', '64552', 'ninguna', 1, 0, 163),
(439, '1-386-479-6146 x9810', '65715', 54, 2, 2, '513', '65715', 'ninguna', 1, 0, 104),
(440, '769.384.7965 x8600', '21168', 102, 2, 2, '364', '21168', 'ninguna', 1, 1, 61),
(441, '1-419-904-1471', '45262', 67, 1, 1, '540', '45262', 'ninguna', 1, 0, 78),
(442, '737-387-9095 x020', '92503', 14, 2, 2, '624', '92503', 'ninguna', 1, 0, 139),
(443, '786.297.7587 x583', '99714', 101, 1, 1, '119', '99714', 'ninguna', 1, 1, 218),
(444, '538.828.4799 x4573', '94778', 77, 2, 2, '992', '94778', 'ninguna', 1, 1, 81),
(445, '+1-670-804-9397', '38445', 80, 1, 1, '702', '38445', 'ninguna', 1, 0, 185),
(446, '584-759-1000 x5348', '88186', 67, 2, 2, '442', '88186', 'ninguna', 1, 0, 110),
(447, '+1-954-226-7580', '27524', 41, 2, 2, '409', '27524', 'ninguna', 1, 0, 9),
(448, '1-569-339-5587 x902', '54331', 100, 2, 2, '821', '54331', 'ninguna', 1, 1, 107),
(449, '618.675.6941', '87690', 84, 1, 1, '986', '87690', 'ninguna', 1, 1, 80),
(450, '(981) 510-7455', '50107', 23, 2, 2, '100', '50107', 'ninguna', 1, 0, 208),
(451, '+1-285-219-8642', '22657', 102, 1, 1, '995', '22657', 'ninguna', 1, 1, 113),
(452, '+18468012245', '78565', 89, 1, 1, '923', '78565', 'ninguna', 1, 1, 145),
(453, '+1.494.923.5315', '49939', 23, 2, 2, '807', '49939', 'ninguna', 1, 0, 106),
(454, '1-973-203-4446', '86832', 15, 1, 1, '194', '86832', 'ninguna', 1, 1, 7),
(455, '(367) 317-9044', '10588', 79, 2, 2, '329', '10588', 'ninguna', 1, 1, 111),
(456, '928.681.5762 x1393', '26130', 33, 1, 1, '342', '26130', 'ninguna', 1, 1, 96),
(457, '+1-369-726-5746', '28231', 30, 1, 1, '714', '28231', 'ninguna', 1, 1, 171),
(458, '+1.860.575.2844', '60248', 84, 2, 2, '819', '60248', 'ninguna', 1, 0, 127),
(459, '(701) 769-4860 x877', '59464', 94, 1, 1, '702', '59464', 'ninguna', 1, 1, 31),
(460, '1-815-235-5566', '79522', 37, 1, 1, '512', '79522', 'ninguna', 1, 0, 223),
(461, '1-250-941-8633 x1239', '48309', 32, 2, 2, '694', '48309', 'ninguna', 1, 1, 171),
(462, '+12873153079', '90827', 101, 1, 1, '482', '90827', 'ninguna', 1, 0, 100),
(463, '479-273-2533', '96152', 102, 1, 1, '426', '96152', 'ninguna', 1, 1, 22),
(464, '434-643-7487 x260', '71626', 20, 2, 2, '953', '71626', 'ninguna', 1, 1, 234),
(465, '1-346-509-5025', '49862', 21, 2, 2, '315', '49862', 'ninguna', 1, 0, 80),
(466, '332.326.1659 x08893', '30775', 36, 2, 2, '551', '30775', 'ninguna', 1, 1, 247),
(467, '574-721-3634', '91800', 61, 1, 1, '319', '91800', 'ninguna', 1, 0, 16),
(468, '358-918-8435', '28466', 91, 2, 2, '355', '28466', 'ninguna', 1, 1, 136),
(469, '247-987-0668 x462', '56995', 41, 1, 1, '554', '56995', 'ninguna', 1, 1, 170),
(470, '(987) 200-4150 x0552', '73285', 49, 2, 2, '871', '73285', 'ninguna', 1, 0, 67),
(471, '636-426-3393 x0130', '35807', 26, 1, 1, '381', '35807', 'ninguna', 1, 0, 28),
(472, '(627) 209-6147 x451', '61193', 71, 1, 1, '675', '61193', 'ninguna', 1, 1, 238),
(473, '+1.410.372.7472', '64038', 66, 2, 2, '637', '64038', 'ninguna', 1, 1, 204),
(474, '(683) 300-4381 x13495', '21450', 76, 1, 1, '903', '21450', 'ninguna', 1, 0, 81),
(475, '+1-281-931-9274', '29980', 40, 2, 2, '433', '29980', 'ninguna', 1, 0, 99),
(476, '+15903432094', '57510', 35, 1, 1, '639', '57510', 'ninguna', 1, 1, 56),
(477, '1-583-738-8079 x69883', '73196', 98, 2, 2, '269', '73196', 'ninguna', 1, 1, 196),
(478, '567.404.4585', '72388', 75, 2, 2, '612', '72388', 'ninguna', 1, 0, 225),
(479, '(664) 415-9921 x154', '14493', 48, 1, 1, '194', '14493', 'ninguna', 1, 1, 198),
(480, '+14188527227', '70256', 86, 2, 2, '455', '70256', 'ninguna', 1, 0, 50),
(481, '+14017427178', '44631', 98, 2, 2, '446', '44631', 'ninguna', 1, 0, 80),
(482, '208.721.8906', '72485', 24, 1, 1, '651', '72485', 'ninguna', 1, 1, 38),
(483, '393-333-8086 x970', '78105', 61, 2, 2, '349', '78105', 'ninguna', 1, 0, 218),
(484, '1-912-371-0201 x264', '45712', 56, 1, 1, '480', '45712', 'ninguna', 1, 1, 3),
(485, '795-545-1390 x83304', '38650', 60, 1, 1, '607', '38650', 'ninguna', 1, 0, 205),
(486, '1-267-661-3509 x0223', '53611', 70, 1, 1, '487', '53611', 'ninguna', 1, 0, 229),
(487, '924-850-2845', '94789', 22, 2, 2, '228', '94789', 'ninguna', 1, 0, 135),
(488, '(860) 874-7648', '34601', 101, 2, 2, '825', '34601', 'ninguna', 1, 1, 45),
(489, '(434) 483-8981 x7402', '79229', 42, 1, 1, '802', '79229', 'ninguna', 1, 0, 224),
(490, '762.764.4762', '43880', 92, 2, 2, '263', '43880', 'ninguna', 1, 0, 181),
(491, '402-315-3106', '48482', 32, 2, 2, '968', '48482', 'ninguna', 1, 1, 160),
(492, '1-385-820-7770 x365', '51998', 75, 2, 2, '176', '51998', 'ninguna', 1, 1, 5),
(493, '1-380-415-7139 x3033', '64615', 17, 1, 1, '239', '64615', 'ninguna', 1, 0, 202),
(494, '+1 (379) 383-3873', '10201', 73, 1, 1, '740', '10201', 'ninguna', 1, 0, 134),
(495, '768.516.1298 x63104', '94509', 46, 2, 2, '886', '94509', 'ninguna', 1, 0, 5),
(496, '+1-843-460-7797', '86665', 50, 1, 1, '117', '86665', 'ninguna', 1, 1, 37),
(497, '916-771-8422', '69666', 61, 2, 2, '915', '69666', 'ninguna', 1, 0, 53),
(498, '(852) 254-9766 x70232', '52240', 34, 2, 2, '146', '52240', 'ninguna', 1, 0, 224),
(499, '582.254.6825 x07874', '40971', 14, 1, 1, '253', '40971', 'ninguna', 1, 1, 153),
(500, '1-295-889-7953', '39725', 27, 2, 2, '767', '39725', 'ninguna', 1, 1, 105),
(501, '+1-216-353-7250', '44531', 20, 1, 1, '830', '44531', 'ninguna', 1, 0, 37),
(502, '+1.583.997.1374', '36862', 49, 1, 1, '596', '36862', 'ninguna', 1, 0, 87),
(503, '337-703-1236 x212', '13088', 26, 2, 2, '859', '13088', 'ninguna', 1, 1, 78),
(504, '(272) 539-8464 x0885', '30162', 18, 2, 2, '599', '30162', 'ninguna', 1, 0, 80),
(505, '+1-975-946-9333', '71751', 34, 1, 1, '618', '71751', 'ninguna', 1, 1, 104),
(506, '1-753-436-9860', '13958', 57, 1, 1, '892', '13958', 'ninguna', 1, 1, 185),
(507, '336.949.7214', '26263', 18, 2, 2, '335', '26263', 'ninguna', 1, 1, 36),
(508, '+1 (230) 676-3563', '89727', 23, 1, 1, '379', '89727', 'ninguna', 1, 0, 83),
(509, '1-605-884-1434 x6174', '62767', 9, 2, 2, '582', '62767', 'ninguna', 1, 0, 71),
(510, '537.835.7349', '44904', 30, 2, 2, '356', '44904', 'ninguna', 1, 0, 184),
(511, '1-948-713-9725 x655', '51020', 39, 1, 1, '448', '51020', 'ninguna', 1, 0, 118),
(512, '564-229-2835 x8613', '67850', 74, 2, 2, '278', '67850', 'ninguna', 1, 1, 89),
(513, '1-446-533-6673', '90073', 43, 1, 1, '103', '90073', 'ninguna', 1, 1, 125),
(514, '+1-583-541-9313', '48184', 97, 2, 2, '212', '48184', 'ninguna', 1, 0, 32),
(515, '828-906-6812', '29769', 22, 1, 1, '156', '29769', 'ninguna', 1, 1, 44),
(516, '420-890-4719', '95701', 79, 2, 2, '700', '95701', 'ninguna', 1, 0, 86),
(517, '1-543-854-5341 x112', '48683', 47, 2, 2, '147', '48683', 'ninguna', 1, 0, 15),
(518, '1-896-726-3115 x043', '20181', 48, 1, 1, '864', '20181', 'ninguna', 1, 0, 60),
(519, '1-296-403-9765', '34050', 84, 2, 2, '546', '34050', 'ninguna', 1, 1, 196),
(520, '332-631-6971 x360', '22717', 32, 2, 2, '890', '22717', 'ninguna', 1, 1, 122),
(521, '561.462.5490', '63602', 55, 1, 1, '618', '63602', 'ninguna', 1, 0, 184),
(522, '1-374-975-4237 x7876', '57508', 89, 2, 2, '842', '57508', 'ninguna', 1, 1, 206),
(523, '353-247-4940 x55064', '82855', 68, 2, 2, '103', '82855', 'ninguna', 1, 0, 31),
(524, '+1-934-229-2853', '96370', 72, 2, 2, '296', '96370', 'ninguna', 1, 1, 32),
(525, '+1 (592) 237-3529', '32215', 91, 1, 1, '607', '32215', 'ninguna', 1, 1, 224),
(526, '896.804.6508 x0816', '75539', 73, 1, 1, '790', '75539', 'ninguna', 1, 1, 8),
(527, '205.315.1702 x5040', '22203', 36, 2, 2, '196', '22203', 'ninguna', 1, 0, 105),
(528, '714-767-9529 x7829', '70637', 63, 1, 1, '736', '70637', 'ninguna', 1, 0, 112),
(529, '1-270-722-9254 x977', '40409', 32, 2, 2, '792', '40409', 'ninguna', 1, 0, 72),
(530, '325-734-3413 x1372', '39930', 31, 2, 2, '752', '39930', 'ninguna', 1, 1, 5),
(531, '(526) 391-9267 x5820', '32381', 38, 1, 1, '766', '32381', 'ninguna', 1, 1, 234),
(532, '(893) 435-9542 x7952', '87975', 55, 2, 2, '618', '87975', 'ninguna', 1, 0, 226),
(533, '(506) 310-4710 x41722', '81325', 83, 1, 1, '528', '81325', 'ninguna', 1, 1, 166),
(534, '1-764-834-1672 x2566', '98236', 40, 1, 1, '174', '98236', 'ninguna', 1, 0, 92),
(535, '+1-852-909-5591', '77569', 87, 2, 2, '914', '77569', 'ninguna', 1, 1, 169),
(536, '996.393.6011 x7146', '70413', 50, 2, 2, '359', '70413', 'ninguna', 1, 1, 19),
(537, '(517) 243-9440 x87173', '12961', 72, 2, 2, '466', '12961', 'ninguna', 1, 1, 224),
(538, '(673) 294-9707', '51680', 13, 1, 1, '798', '51680', 'ninguna', 1, 1, 117),
(539, '1-521-938-0722 x91529', '70007', 10, 1, 1, '550', '70007', 'ninguna', 1, 1, 82),
(540, '881-597-1385', '49863', 65, 1, 1, '469', '49863', 'ninguna', 1, 0, 128),
(541, '(659) 585-7934 x77236', '62602', 27, 1, 1, '164', '62602', 'ninguna', 1, 1, 116),
(542, '563.242.0676 x12393', '47442', 34, 1, 1, '683', '47442', 'ninguna', 1, 0, 185),
(543, '846-767-4043 x59040', '15983', 67, 1, 1, '711', '15983', 'ninguna', 1, 0, 168),
(544, '+1.834.293.4856', '80666', 12, 2, 2, '613', '80666', 'ninguna', 1, 0, 28),
(545, '371-503-1008 x32695', '93367', 101, 1, 1, '170', '93367', 'ninguna', 1, 1, 56),
(546, '775-743-8095 x4824', '38296', 95, 2, 2, '639', '38296', 'ninguna', 1, 0, 210),
(547, '+17506544298', '94514', 30, 1, 1, '488', '94514', 'ninguna', 1, 1, 81),
(548, '(708) 423-5081 x05042', '78244', 22, 1, 1, '404', '78244', 'ninguna', 1, 0, 66),
(549, '925-858-5415', '27640', 46, 1, 1, '727', '27640', 'ninguna', 1, 0, 93),
(550, '515-703-3947 x98532', '18865', 35, 2, 2, '923', '18865', 'ninguna', 1, 0, 140),
(551, '(773) 637-8154 x90229', '42290', 102, 1, 1, '368', '42290', 'ninguna', 1, 0, 196),
(552, '489-955-0571 x2510', '59307', 57, 2, 2, '274', '59307', 'ninguna', 1, 0, 183),
(553, '(998) 484-0544 x33163', '55172', 56, 1, 1, '625', '55172', 'ninguna', 1, 0, 191),
(554, '767-289-5780', '63310', 7, 1, 1, '357', '63310', 'ninguna', 1, 1, 174),
(555, '943.867.3663', '49226', 83, 1, 1, '522', '49226', 'ninguna', 1, 1, 38),
(556, '(447) 833-7595 x58338', '44297', 35, 2, 2, '727', '44297', 'ninguna', 1, 0, 208),
(557, '1-478-884-9111 x4485', '87432', 102, 2, 2, '664', '87432', 'ninguna', 1, 1, 37),
(558, '(401) 534-4320 x16392', '76072', 73, 2, 2, '725', '76072', 'ninguna', 1, 0, 59),
(559, '330-766-5128 x0500', '80538', 35, 2, 2, '738', '80538', 'ninguna', 1, 1, 70),
(560, '1-901-763-9339', '10753', 53, 1, 1, '973', '10753', 'ninguna', 1, 0, 20),
(561, '(607) 879-6561 x83961', '91639', 82, 2, 2, '397', '91639', 'ninguna', 1, 0, 14),
(562, '+1-804-992-3160', '51302', 33, 1, 1, '873', '51302', 'ninguna', 1, 1, 206),
(563, '1-776-269-3238 x61769', '16494', 40, 2, 2, '424', '16494', 'ninguna', 1, 0, 147),
(564, '(635) 559-2248 x73344', '14652', 10, 2, 2, '915', '14652', 'ninguna', 1, 0, 179),
(565, '558.352.9482 x9384', '37944', 34, 2, 2, '899', '37944', 'ninguna', 1, 1, 185),
(566, '669.593.5426', '18165', 100, 2, 2, '586', '18165', 'ninguna', 1, 0, 147),
(567, '1-273-538-9997 x950', '99035', 13, 2, 2, '849', '99035', 'ninguna', 1, 0, 212),
(568, '1-924-234-6132', '15961', 50, 1, 1, '390', '15961', 'ninguna', 1, 1, 66),
(569, '342-593-1019 x873', '88408', 43, 2, 2, '135', '88408', 'ninguna', 1, 1, 50),
(570, '1-795-381-6866 x66914', '76558', 27, 2, 2, '123', '76558', 'ninguna', 1, 0, 7),
(571, '(525) 742-7794', '70248', 19, 2, 2, '279', '70248', 'ninguna', 1, 1, 185),
(572, '1-718-370-0895', '78802', 33, 2, 2, '340', '78802', 'ninguna', 1, 0, 152),
(573, '+1.441.404.0315', '68199', 13, 1, 1, '190', '68199', 'ninguna', 1, 0, 127),
(574, '1-685-438-1233', '25980', 33, 1, 1, '297', '25980', 'ninguna', 1, 0, 97),
(575, '934-610-6919', '63662', 48, 1, 1, '654', '63662', 'ninguna', 1, 0, 135),
(576, '(441) 551-0501 x04814', '33225', 43, 1, 1, '993', '33225', 'ninguna', 1, 1, 184),
(577, '671.876.4111 x36337', '16163', 85, 2, 2, '620', '16163', 'ninguna', 1, 0, 218),
(578, '(263) 218-5812 x9211', '60570', 59, 2, 2, '594', '60570', 'ninguna', 1, 0, 200),
(579, '(686) 466-4419', '22331', 23, 1, 1, '351', '22331', 'ninguna', 1, 1, 119),
(580, '(764) 865-7240 x676', '79900', 90, 1, 1, '576', '79900', 'ninguna', 1, 1, 58),
(581, '+18933625512', '51880', 16, 1, 1, '816', '51880', 'ninguna', 1, 1, 13),
(582, '969-672-5207 x867', '44794', 37, 2, 2, '461', '44794', 'ninguna', 1, 0, 193),
(583, '783-785-7632', '54937', 59, 2, 2, '639', '54937', 'ninguna', 1, 1, 19),
(584, '+1-924-466-4834', '11418', 18, 2, 2, '937', '11418', 'ninguna', 1, 0, 249),
(585, '(959) 675-0416', '18749', 66, 2, 2, '834', '18749', 'ninguna', 1, 0, 168),
(586, '304-938-2936 x8847', '84193', 30, 1, 1, '133', '84193', 'ninguna', 1, 0, 225),
(587, '972-522-4007', '56267', 85, 2, 2, '134', '56267', 'ninguna', 1, 0, 140),
(588, '686.802.2391', '17381', 92, 2, 2, '928', '17381', 'ninguna', 1, 0, 12),
(589, '(421) 519-7382', '16820', 75, 2, 2, '638', '16820', 'ninguna', 1, 1, 138),
(590, '1-979-396-9924 x8171', '50639', 74, 2, 2, '926', '50639', 'ninguna', 1, 0, 72),
(591, '1-610-644-9321 x898', '15987', 16, 2, 2, '116', '15987', 'ninguna', 1, 0, 39),
(592, '834-865-2535', '34028', 46, 2, 2, '589', '34028', 'ninguna', 1, 1, 252),
(593, '556.925.0100', '69768', 51, 2, 2, '910', '69768', 'ninguna', 1, 0, 8),
(594, '(734) 966-5146 x12934', '18430', 6, 1, 1, '537', '18430', 'ninguna', 1, 0, 120),
(595, '+1-662-314-9362', '89573', 58, 2, 2, '407', '89573', 'ninguna', 1, 1, 121),
(596, '1-704-959-0528 x437', '32908', 102, 2, 2, '359', '32908', 'ninguna', 1, 1, 47),
(597, '(860) 259-8329', '35334', 28, 1, 1, '986', '35334', 'ninguna', 1, 1, 101),
(598, '(510) 282-0423 x7877', '72601', 56, 2, 2, '599', '72601', 'ninguna', 1, 0, 99),
(599, '+13712745105', '29056', 10, 1, 1, '737', '29056', 'ninguna', 1, 0, 164),
(600, '+17837379562', '14217', 44, 1, 1, '861', '14217', 'ninguna', 1, 1, 145),
(601, '1-514-900-7020', '48764', 101, 2, 2, '810', '48764', 'ninguna', 1, 1, 77),
(602, '974.841.7331', '33083', 93, 2, 2, '519', '33083', 'ninguna', 1, 1, 219),
(603, '845-903-4007 x32886', '24710', 86, 2, 2, '259', '24710', 'ninguna', 1, 0, 107),
(604, '854.310.5285 x17478', '66707', 90, 2, 2, '208', '66707', 'ninguna', 1, 0, 191),
(605, '647-459-1409', '78514', 11, 1, 1, '249', '78514', 'ninguna', 1, 1, 31),
(606, '516-395-2623', '29093', 60, 2, 2, '998', '29093', 'ninguna', 1, 0, 81),
(607, '925-705-3985 x00381', '71443', 67, 1, 1, '260', '71443', 'ninguna', 1, 0, 146),
(608, '+1-924-359-3108', '89584', 69, 1, 1, '847', '89584', 'ninguna', 1, 1, 181),
(609, '+1-791-430-1433', '80268', 1, 2, 2, '453', '80268', 'ninguna', 1, 0, 73),
(610, '471.216.7938 x7195', '37532', 23, 2, 2, '924', '37532', 'ninguna', 1, 0, 250),
(611, '1-510-364-1969', '99492', 44, 2, 2, '774', '99492', 'ninguna', 1, 1, 117),
(612, '254-327-7998 x54550', '54967', 69, 1, 1, '966', '54967', 'ninguna', 1, 1, 19),
(613, '1-716-901-1655 x7948', '97137', 11, 2, 2, '543', '97137', 'ninguna', 1, 1, 38),
(614, '+1-993-957-3562', '32393', 102, 2, 2, '769', '32393', 'ninguna', 1, 0, 54),
(615, '(419) 874-3604', '26760', 93, 1, 1, '533', '26760', 'ninguna', 1, 0, 163),
(616, '613-536-3483 x7448', '81737', 38, 2, 2, '711', '81737', 'ninguna', 1, 0, 37),
(617, '516-818-2274 x49141', '22456', 43, 2, 2, '736', '22456', 'ninguna', 1, 0, 247),
(618, '926.658.0602 x1659', '94010', 63, 1, 1, '197', '94010', 'ninguna', 1, 0, 129),
(619, '+1 (717) 653-8272', '35109', 6, 2, 2, '983', '35109', 'ninguna', 1, 1, 147),
(620, '1-870-348-7466 x506', '59594', 101, 2, 2, '796', '59594', 'ninguna', 1, 1, 113),
(621, '946.457.5900 x10418', '75046', 31, 2, 2, '225', '75046', 'ninguna', 1, 1, 59),
(622, '(527) 209-3525', '39587', 7, 2, 2, '918', '39587', 'ninguna', 1, 1, 182),
(623, '(703) 405-6444 x9327', '44560', 33, 1, 1, '205', '44560', 'ninguna', 1, 1, 246),
(624, '1-246-932-1962', '72281', 64, 2, 2, '800', '72281', 'ninguna', 1, 1, 181),
(625, '+1 (660) 587-0038', '21858', 90, 2, 2, '488', '21858', 'ninguna', 1, 0, 198),
(626, '504.610.2806 x0428', '75713', 30, 2, 2, '637', '75713', 'ninguna', 1, 1, 99),
(627, '998-530-5696', '39745', 80, 2, 2, '417', '39745', 'ninguna', 1, 0, 203),
(628, '414-984-7199', '43659', 24, 1, 1, '678', '43659', 'ninguna', 1, 1, 235),
(629, '1-534-248-9958 x041', '52010', 4, 1, 1, '273', '52010', 'ninguna', 1, 0, 191),
(630, '(440) 415-2596 x045', '83625', 34, 1, 1, '974', '83625', 'ninguna', 1, 0, 25),
(631, '695-935-8253 x932', '42692', 99, 1, 1, '620', '42692', 'ninguna', 1, 0, 22),
(632, '665.408.2540 x20717', '60325', 21, 1, 1, '659', '60325', 'ninguna', 1, 0, 4),
(633, '529-674-4539 x95396', '23833', 22, 2, 2, '139', '23833', 'ninguna', 1, 0, 220),
(634, '445-223-2299', '19660', 65, 2, 2, '516', '19660', 'ninguna', 1, 0, 195);
INSERT INTO `linea` (`id`, `numero`, `chip`, `unidad_id`, `operadora_id`, `tipo_id`, `ddd`, `serie`, `observaciones`, `active`, `internet`, `user_linea_id`) VALUES
(635, '710-255-8780 x842', '24441', 51, 2, 2, '325', '24441', 'ninguna', 1, 0, 182),
(636, '+1 (903) 315-8531', '40563', 61, 1, 1, '267', '40563', 'ninguna', 1, 1, 225),
(637, '1-250-551-2257', '69144', 9, 1, 1, '681', '69144', 'ninguna', 1, 1, 62),
(638, '1-624-737-1223 x3413', '94202', 74, 1, 1, '757', '94202', 'ninguna', 1, 1, 148),
(639, '1-576-485-2834 x790', '52791', 11, 1, 1, '407', '52791', 'ninguna', 1, 0, 245),
(640, '410.273.5418 x874', '77348', 43, 2, 2, '732', '77348', 'ninguna', 1, 0, 110),
(641, '231.486.4979', '70431', 101, 2, 2, '183', '70431', 'ninguna', 1, 1, 190),
(642, '(314) 719-8742', '32303', 55, 2, 2, '907', '32303', 'ninguna', 1, 1, 112),
(643, '757.965.8872 x46268', '77987', 104, 2, 2, '600', '77987', 'ninguna', 1, 1, 18),
(644, '649.527.7729', '75681', 73, 2, 2, '575', '75681', 'ninguna', 1, 0, 236),
(645, '876.817.0898', '93688', 87, 2, 2, '970', '93688', 'ninguna', 1, 0, 231),
(646, '(543) 828-7309 x407', '48636', 53, 2, 2, '742', '48636', 'ninguna', 1, 1, 37),
(647, '1-865-248-4332 x14730', '97753', 33, 2, 2, '967', '97753', 'ninguna', 1, 1, 238),
(648, '1-486-778-0909 x35015', '16225', 24, 1, 1, '640', '16225', 'ninguna', 1, 0, 8),
(649, '+13642654054', '36920', 9, 2, 2, '738', '36920', 'ninguna', 1, 1, 69),
(650, '(379) 259-8992', '69942', 69, 1, 1, '343', '69942', 'ninguna', 1, 0, 125),
(651, '+1-640-413-9124', '49298', 16, 1, 1, '861', '49298', 'ninguna', 1, 1, 96),
(652, '1-282-912-2500', '75179', 8, 1, 1, '967', '75179', 'ninguna', 1, 0, 36),
(653, '1-749-572-2978 x27577', '88093', 36, 1, 1, '231', '88093', 'ninguna', 1, 1, 222),
(654, '+1 (930) 872-2906', '37854', 81, 2, 2, '803', '37854', 'ninguna', 1, 0, 52),
(655, '1-789-860-6431 x14940', '89919', 80, 2, 2, '141', '89919', 'ninguna', 1, 0, 68),
(656, '1-270-508-9396 x8908', '36643', 56, 1, 1, '920', '36643', 'ninguna', 1, 0, 16),
(657, '747-290-1397 x174', '41258', 88, 2, 2, '995', '41258', 'ninguna', 1, 1, 127),
(658, '326.652.2280', '35094', 68, 2, 2, '525', '35094', 'ninguna', 1, 0, 129),
(659, '1-713-687-5719 x6409', '37281', 21, 2, 2, '905', '37281', 'ninguna', 1, 1, 70),
(660, '+1-392-842-3150', '31686', 83, 1, 1, '940', '31686', 'ninguna', 1, 0, 44),
(661, '+16145466545', '62693', 48, 1, 1, '308', '62693', 'ninguna', 1, 1, 96),
(662, '591.204.8766', '13262', 6, 2, 2, '285', '13262', 'ninguna', 1, 0, 108),
(663, '643.757.2990', '94819', 90, 2, 2, '115', '94819', 'ninguna', 1, 1, 233),
(664, '+1.745.252.2377', '20836', 42, 1, 1, '369', '20836', 'ninguna', 1, 1, 253),
(665, '978.445.1077 x9943', '35656', 50, 2, 2, '314', '35656', 'ninguna', 1, 1, 76),
(666, '869.419.2731', '35721', 89, 1, 1, '451', '35721', 'ninguna', 1, 0, 4),
(667, '408.538.5576', '31609', 31, 2, 2, '735', '31609', 'ninguna', 1, 1, 35),
(668, '856-494-0950 x7600', '33096', 80, 2, 2, '606', '33096', 'ninguna', 1, 1, 78),
(669, '+1-837-599-7924', '38604', 83, 2, 2, '631', '38604', 'ninguna', 1, 0, 71),
(670, '887-652-6879', '64641', 56, 2, 2, '268', '64641', 'ninguna', 1, 0, 160),
(671, '1-250-613-9298 x25595', '45868', 4, 1, 1, '165', '45868', 'ninguna', 1, 1, 67),
(672, '210.562.7681 x235', '65954', 22, 2, 2, '934', '65954', 'ninguna', 1, 0, 23),
(673, '(896) 647-4182 x62193', '13570', 22, 2, 2, '745', '13570', 'ninguna', 1, 1, 99),
(674, '603.570.6262 x65621', '19776', 66, 1, 1, '638', '19776', 'ninguna', 1, 0, 140),
(675, '537.432.8138', '26839', 98, 2, 2, '997', '26839', 'ninguna', 1, 1, 165),
(676, '952-405-2690 x5991', '64053', 95, 1, 1, '998', '64053', 'ninguna', 1, 1, 189),
(677, '669.850.2399', '16128', 103, 1, 1, '139', '16128', 'ninguna', 1, 0, 145),
(678, '1-625-807-9694', '55552', 98, 2, 2, '159', '55552', 'ninguna', 1, 1, 50),
(679, '1-670-639-1002 x74126', '81659', 62, 2, 2, '878', '81659', 'ninguna', 1, 0, 144),
(680, '295.545.9291 x278', '93706', 82, 1, 1, '105', '93706', 'ninguna', 1, 1, 94),
(681, '(551) 917-1451 x638', '33127', 13, 1, 1, '605', '33127', 'ninguna', 1, 0, 191),
(682, '+1 (797) 393-9092', '18767', 15, 2, 2, '276', '18767', 'ninguna', 1, 0, 17),
(683, '915.841.3920 x515', '17312', 39, 2, 2, '628', '17312', 'ninguna', 1, 1, 21),
(684, '+1-550-971-2738', '41757', 81, 1, 1, '617', '41757', 'ninguna', 1, 1, 76),
(685, '935.492.6325 x731', '14386', 94, 1, 1, '730', '14386', 'ninguna', 1, 0, 240),
(686, '1-320-965-9442 x22381', '57531', 27, 1, 1, '216', '57531', 'ninguna', 1, 1, 207),
(687, '(492) 843-2560', '73138', 92, 1, 1, '537', '73138', 'ninguna', 1, 0, 219),
(688, '1-738-801-7734 x413', '23416', 15, 2, 2, '784', '23416', 'ninguna', 1, 0, 218),
(689, '1-402-891-1140', '13115', 88, 1, 1, '120', '13115', 'ninguna', 1, 1, 55),
(690, '1-401-417-4060 x38622', '24911', 100, 1, 1, '616', '24911', 'ninguna', 1, 1, 193),
(691, '(512) 370-7738', '14008', 22, 1, 1, '423', '14008', 'ninguna', 1, 0, 95),
(692, '(265) 282-0709 x82407', '41602', 79, 2, 2, '307', '41602', 'ninguna', 1, 0, 234),
(693, '(227) 460-8286 x99189', '58039', 97, 1, 1, '786', '58039', 'ninguna', 1, 1, 28),
(694, '359-384-2876', '33022', 11, 1, 1, '684', '33022', 'ninguna', 1, 0, 130),
(695, '(587) 454-7070 x8405', '25869', 91, 1, 1, '101', '25869', 'ninguna', 1, 1, 70),
(696, '(768) 314-4779 x53120', '55779', 26, 1, 1, '120', '55779', 'ninguna', 1, 1, 233),
(697, '630-857-9837 x36092', '47109', 38, 1, 1, '497', '47109', 'ninguna', 1, 1, 14),
(698, '638.791.9470 x46083', '18785', 25, 2, 2, '552', '18785', 'ninguna', 1, 0, 97),
(699, '(223) 626-4663 x61802', '73566', 82, 2, 2, '841', '73566', 'ninguna', 1, 0, 34),
(700, '(632) 794-2341 x623', '32944', 41, 1, 1, '661', '32944', 'ninguna', 1, 1, 129),
(701, '+1 (605) 564-3172', '31887', 76, 1, 1, '635', '31887', 'ninguna', 1, 0, 197),
(702, '+1-994-572-4564', '37270', 91, 1, 1, '322', '37270', 'ninguna', 1, 0, 219),
(703, '264.857.2738', '77342', 62, 2, 2, '777', '77342', 'ninguna', 1, 1, 52),
(704, '619.417.0850 x0417', '99589', 43, 2, 2, '501', '99589', 'ninguna', 1, 1, 205),
(705, '1-220-993-3760 x752', '96459', 72, 2, 2, '552', '96459', 'ninguna', 1, 0, 199),
(706, '(652) 257-5719 x54667', '12547', 10, 2, 2, '120', '12547', 'ninguna', 1, 1, 79),
(707, '794.240.2725', '35775', 52, 1, 1, '609', '35775', 'ninguna', 1, 1, 217),
(708, '(750) 789-5940 x49251', '18644', 58, 2, 2, '503', '18644', 'ninguna', 1, 1, 53),
(709, '(675) 914-3971 x394', '88594', 59, 1, 1, '504', '88594', 'ninguna', 1, 0, 62),
(710, '642-321-9515 x044', '24013', 36, 1, 1, '866', '24013', 'ninguna', 1, 1, 167),
(711, '(290) 371-5282 x24803', '35334', 64, 1, 1, '524', '35334', 'ninguna', 1, 0, 180),
(712, '+16343893034', '97510', 53, 1, 1, '288', '97510', 'ninguna', 1, 0, 108),
(713, '428-759-9042', '48809', 20, 2, 2, '818', '48809', 'ninguna', 1, 1, 61),
(714, '1-426-985-5425 x4093', '68261', 68, 1, 1, '117', '68261', 'ninguna', 1, 0, 35),
(715, '(239) 219-8443 x5568', '13379', 89, 2, 2, '707', '13379', 'ninguna', 1, 1, 176),
(716, '361-327-1861', '13735', 54, 2, 2, '389', '13735', 'ninguna', 1, 0, 106),
(717, '(929) 353-5336 x2851', '84361', 64, 2, 2, '242', '84361', 'ninguna', 1, 0, 171),
(718, '(273) 459-7436 x23377', '63961', 89, 1, 1, '173', '63961', 'ninguna', 1, 0, 89),
(719, '(235) 573-0805', '48447', 87, 2, 2, '914', '48447', 'ninguna', 1, 1, 252),
(720, '1-842-634-6313', '53746', 1, 1, 1, '984', '53746', 'ninguna', 1, 0, 242),
(721, '992-645-2901', '38825', 28, 2, 2, '275', '38825', 'ninguna', 1, 1, 239),
(722, '1-990-297-7021', '17362', 18, 1, 1, '964', '17362', 'ninguna', 1, 0, 45),
(723, '1-454-505-6440 x4779', '65260', 59, 2, 2, '151', '65260', 'ninguna', 1, 0, 79),
(724, '(879) 418-4972', '23614', 60, 2, 2, '485', '23614', 'ninguna', 1, 1, 183),
(725, '+1 (323) 604-3017', '24563', 75, 1, 1, '251', '24563', 'ninguna', 1, 0, 188),
(726, '(468) 976-8107 x7062', '12732', 92, 1, 1, '164', '12732', 'ninguna', 1, 1, 214),
(727, '802.338.1701 x5430', '34875', 43, 1, 1, '703', '34875', 'ninguna', 1, 1, 141),
(728, '442.639.2006 x64446', '24608', 55, 2, 2, '304', '24608', 'ninguna', 1, 1, 177),
(729, '1-501-748-8925', '26596', 20, 1, 1, '762', '26596', 'ninguna', 1, 0, 174),
(730, '1-491-556-0602', '57250', 70, 2, 2, '318', '57250', 'ninguna', 1, 0, 251),
(731, '+12036423537', '43163', 20, 1, 1, '815', '43163', 'ninguna', 1, 0, 48),
(732, '+1-998-454-8724', '90441', 28, 1, 1, '520', '90441', 'ninguna', 1, 0, 101),
(733, '(591) 266-0975 x3087', '13107', 68, 1, 1, '633', '13107', 'ninguna', 1, 1, 3),
(734, '+18032049209', '63411', 8, 2, 2, '490', '63411', 'ninguna', 1, 1, 112),
(735, '1-887-248-9140 x6317', '76047', 77, 1, 1, '394', '76047', 'ninguna', 1, 1, 29),
(736, '1-234-439-4793', '60393', 103, 2, 2, '726', '60393', 'ninguna', 1, 0, 92),
(737, '(873) 443-7305 x376', '31251', 17, 1, 1, '164', '31251', 'ninguna', 1, 1, 241),
(738, '(883) 883-4709 x18085', '48170', 104, 1, 1, '774', '48170', 'ninguna', 1, 1, 127),
(739, '696.412.8200 x8103', '76726', 60, 2, 2, '627', '76726', 'ninguna', 1, 1, 47),
(740, '+1-889-859-6682', '69064', 34, 1, 1, '204', '69064', 'ninguna', 1, 1, 135),
(741, '1-296-927-5425', '39837', 22, 1, 1, '570', '39837', 'ninguna', 1, 1, 138),
(742, '209-331-5797 x45925', '65476', 87, 1, 1, '167', '65476', 'ninguna', 1, 0, 90),
(743, '436.993.0898 x6033', '60250', 75, 1, 1, '607', '60250', 'ninguna', 1, 1, 102),
(744, '(259) 287-2763 x8725', '52634', 1, 2, 2, '116', '52634', 'ninguna', 1, 1, 164),
(745, '+1 (307) 915-2881', '27836', 101, 1, 1, '441', '27836', 'ninguna', 1, 1, 43),
(746, '(364) 531-2409 x53542', '90651', 50, 1, 1, '130', '90651', 'ninguna', 1, 0, 1),
(747, '(673) 830-4899', '26036', 85, 1, 1, '807', '26036', 'ninguna', 1, 1, 141),
(748, '(819) 499-9503 x29481', '43463', 45, 1, 1, '920', '43463', 'ninguna', 1, 0, 130),
(749, '+1-247-813-1810', '27514', 69, 1, 1, '949', '27514', 'ninguna', 1, 0, 179),
(750, '613-329-3078 x83504', '74614', 77, 2, 2, '334', '74614', 'ninguna', 1, 1, 141),
(751, '1-552-215-3475', '13912', 80, 2, 2, '776', '13912', 'ninguna', 1, 0, 15),
(752, '+1 (585) 457-6802', '76621', 76, 1, 1, '133', '76621', 'ninguna', 1, 0, 130),
(753, '212.581.9833 x31722', '66514', 41, 2, 2, '473', '66514', 'ninguna', 1, 1, 49),
(754, '782-528-3781 x921', '55493', 72, 2, 2, '446', '55493', 'ninguna', 1, 1, 31),
(755, '(596) 323-7241 x21434', '90073', 56, 1, 1, '353', '90073', 'ninguna', 1, 0, 49),
(756, '+1-851-367-6662', '53032', 1, 2, 2, '565', '53032', 'ninguna', 1, 0, 88),
(757, '(457) 321-4338', '13769', 93, 2, 2, '852', '13769', 'ninguna', 1, 0, 253),
(758, '1-718-686-8433', '75887', 78, 1, 1, '511', '75887', 'ninguna', 1, 1, 120),
(759, '(793) 992-6882', '38710', 70, 1, 1, '623', '38710', 'ninguna', 1, 0, 28),
(760, '1-824-450-3719 x903', '36114', 36, 1, 1, '295', '36114', 'ninguna', 1, 0, 83),
(761, '+14848943273', '40582', 28, 1, 1, '241', '40582', 'ninguna', 1, 1, 11),
(762, '(985) 347-3570', '58872', 42, 2, 2, '897', '58872', 'ninguna', 1, 1, 41),
(763, '1-502-710-1612', '96428', 78, 2, 2, '413', '96428', 'ninguna', 1, 1, 240),
(764, '1-737-335-5061', '34423', 8, 2, 2, '199', '34423', 'ninguna', 1, 1, 16),
(765, '463-223-9747 x47660', '46802', 101, 2, 2, '174', '46802', 'ninguna', 1, 0, 162),
(766, '+1-438-598-6900', '34718', 73, 2, 2, '823', '34718', 'ninguna', 1, 1, 51),
(767, '989-410-7819 x66982', '66279', 30, 1, 1, '800', '66279', 'ninguna', 1, 1, 126),
(768, '459.386.1809', '98470', 83, 2, 2, '244', '98470', 'ninguna', 1, 1, 155),
(769, '391.543.7709 x22989', '99956', 35, 2, 2, '638', '99956', 'ninguna', 1, 0, 124),
(770, '402-768-5474 x570', '13486', 103, 1, 1, '168', '13486', 'ninguna', 1, 1, 57),
(771, '646-592-8646', '67652', 26, 1, 1, '998', '67652', 'ninguna', 1, 0, 210),
(772, '595-379-5493 x08504', '68273', 80, 2, 2, '623', '68273', 'ninguna', 1, 1, 184),
(773, '492.880.9695 x85692', '31456', 89, 2, 2, '788', '31456', 'ninguna', 1, 1, 174),
(774, '+19617929840', '44999', 43, 1, 1, '821', '44999', 'ninguna', 1, 0, 105),
(775, '1-949-549-4991 x82503', '73987', 41, 1, 1, '959', '73987', 'ninguna', 1, 0, 136),
(776, '898-744-7773 x913', '32064', 91, 1, 1, '230', '32064', 'ninguna', 1, 0, 163),
(777, '+1-993-334-7809', '61334', 54, 2, 2, '784', '61334', 'ninguna', 1, 0, 65),
(778, '765-202-2548 x365', '85009', 103, 1, 1, '323', '85009', 'ninguna', 1, 1, 137),
(779, '+1-215-745-1365', '11596', 81, 2, 2, '981', '11596', 'ninguna', 1, 0, 9),
(780, '1-963-362-6841 x32898', '82647', 93, 2, 2, '593', '82647', 'ninguna', 1, 1, 168),
(781, '897987897', '789797', 1, 1, 1, '47897977', '78978978979', NULL, 1, 1, NULL),
(782, '7798789787', '7897897897', 2, 1, 1, '7879877', '78979878979879', NULL, 0, 0, NULL);

-- --------------------------------------------------------

--
-- Estructura de tabla para la tabla `operadora`
--

CREATE TABLE `operadora` (
  `id` int(11) NOT NULL,
  `nombre` varchar(255) COLLATE utf8mb4_unicode_ci NOT NULL
) ENGINE=InnoDB DEFAULT CHARSET=utf8mb4 COLLATE=utf8mb4_unicode_ci;

--
-- Volcado de datos para la tabla `operadora`
--

INSERT INTO `operadora` (`id`, `nombre`) VALUES
(1, 'Claro'),
(2, 'Vivo');

-- --------------------------------------------------------

--
-- Estructura de tabla para la tabla `tipo_dispositivo`
--

CREATE TABLE `tipo_dispositivo` (
  `id` int(11) NOT NULL,
  `tipo` varchar(255) COLLATE utf8mb4_unicode_ci NOT NULL
) ENGINE=InnoDB DEFAULT CHARSET=utf8mb4 COLLATE=utf8mb4_unicode_ci;

--
-- Volcado de datos para la tabla `tipo_dispositivo`
--

INSERT INTO `tipo_dispositivo` (`id`, `tipo`) VALUES
(1, 'Celular'),
(2, 'Modem');

-- --------------------------------------------------------

--
-- Estructura de tabla para la tabla `unidad`
--

CREATE TABLE `unidad` (
  `id` int(11) NOT NULL,
  `nombre` varchar(255) COLLATE utf8mb4_unicode_ci NOT NULL,
  `activa` tinyint(1) NOT NULL,
  `asociacion_id` int(11) DEFAULT NULL,
  `numero` varchar(255) COLLATE utf8mb4_unicode_ci NOT NULL,
  `encargado` varchar(255) COLLATE utf8mb4_unicode_ci NOT NULL,
  `email_encargado` varchar(255) COLLATE utf8mb4_unicode_ci NOT NULL,
  `endereso` varchar(255) COLLATE utf8mb4_unicode_ci NOT NULL,
  `ciudad` varchar(255) COLLATE utf8mb4_unicode_ci NOT NULL,
  `email_detallado` tinyint(1) NOT NULL
) ENGINE=InnoDB DEFAULT CHARSET=utf8mb4 COLLATE=utf8mb4_unicode_ci;

--
-- Volcado de datos para la tabla `unidad`
--

INSERT INTO `unidad` (`id`, `nombre`, `activa`, `asociacion_id`, `numero`, `encargado`, `email_encargado`, `endereso`, `ciudad`, `email_detallado`) VALUES
(1, 'Unidad 5', 1, 1, '4545', 'red', 'red@gmail.com', 'dkljawldjwakl', 'Caracas', 0),
(2, 'U2', 1, NULL, '', '', '', '', '', 0),
(4, 'blue', 1, 1, '005', 'bluees', 'blueess@gmail.com', 'dkwa;dkwa;lkl;', 'caracas', 0),
(6, 'Krystina Feil', 1, 2, '869.820.3558', 'Andreanne Gottlieb', 'noelia.batz@bogisich.com', 'Mr. Elmo Beahan V', 'Russelhaven', 1),
(7, 'Dr. Margaret Feest', 1, 1, '1-350-642-6253 x709', 'Prof. Yadira Runolfsdottir', 'qmayert@ziemann.com', 'Mozelle Jacobi Sr.', 'North Thomasmouth', 1),
(8, 'Dr. Selena Champlin', 1, 1, '398-228-4826 x046', 'Miss Lelah Toy', 'uosinski@hotmail.com', 'Joshuah Rau', 'Port Adrain', 1),
(9, 'Khalil Hane', 1, 1, '(516) 548-0000 x82287', 'Tamara Hamill', 'mikel.howe@hotmail.com', 'Prof. Mckenna Heaney', 'South Mandyberg', 1),
(10, 'Amelia Mitchell', 1, 1, '1-664-329-3354 x379', 'Eloy Breitenberg', 'mckenzie54@hotmail.com', 'Reynold Daniel', 'East Lexiton', 1),
(11, 'Annamae Jacobson', 1, 1, '+1 (881) 895-0315', 'Jaquelin Monahan', 'kareem.volkman@nolan.com', 'Wilson Friesen', 'Gretchenshire', 1),
(12, 'Tad Rath', 1, 2, '839-587-3573', 'Prof. Allan Schmitt II', 'linnea.stracke@hotmail.com', 'Stanton Cormier', 'West Wilson', 1),
(13, 'Peyton Predovic', 1, 2, '860.232.1986', 'Mrs. Annabelle Nikolaus', 'collins.addison@yahoo.com', 'Michele Abbott PhD', 'Port Hollisberg', 1),
(14, 'Dr. Jeramie Stroman', 1, 2, '1-594-596-6756 x714', 'Mr. Jimmie Haag III', 'gennaro.strosin@yahoo.com', 'Zion Littel', 'West Esta', 1),
(15, 'Murphy Ferry', 1, 1, '1-794-367-8106', 'Raul Fisher', 'javier97@yahoo.com', 'Miss Talia Deckow', 'Aufderharshire', 1),
(16, 'Melyna Pollich', 1, 1, '+1-638-776-8781', 'Arnold Haag DDS', 'elyse20@gmail.com', 'Vernice Kris', 'Edythmouth', 1),
(17, 'Modesta Walker II', 1, 1, '707.582.6109', 'Trystan Feest', 'steuber.lindsay@yahoo.com', 'Dr. Austen Wintheiser', 'New Rosemariemouth', 1),
(18, 'Myrtis Klocko', 1, 2, '+1-768-915-4843', 'Rachel Flatley', 'agraham@dooley.net', 'Giovani Dickens', 'Shieldsport', 1),
(19, 'Roscoe Reichel', 1, 1, '1-693-509-2010 x99881', 'Dr. Mustafa Gaylord', 'ytowne@gmail.com', 'Bertram Reilly', 'Gerlachside', 1),
(20, 'Marlene Aufderhar', 1, 2, '267-234-2085', 'Marina Hansen', 'dgerhold@yahoo.com', 'Prof. Mattie Oberbrunner', 'New Lonzoburgh', 1),
(21, 'Ms. Ocie Nolan', 1, 2, '1-463-640-2757', 'Autumn Dickinson MD', 'nstiedemann@bayer.com', 'Lloyd Abernathy', 'New Daisha', 1),
(22, 'Delphine McGlynn', 1, 1, '375.801.0026 x127', 'Prof. Cecil Kshlerin Jr.', 'dickens.cecelia@hotmail.com', 'Mr. Bradford Buckridge', 'Mireilleberg', 1),
(23, 'Jeffery Hill', 1, 2, '789.710.8896', 'Bryon Berge Sr.', 'egoldner@stoltenberg.com', 'Beulah Hirthe', 'Handland', 1),
(24, 'Miss Janie Champlin V', 1, 2, '+1 (739) 663-4511', 'Shyann Hudson', 'dkoch@reilly.com', 'Lillian Cremin', 'South Cleve', 1),
(25, 'Callie Beahan', 1, 1, '(916) 808-2867', 'Eulalia Blanda', 'wcruickshank@rohan.biz', 'Hulda Bashirian', 'Welchshire', 1),
(26, 'Faye Mosciski', 1, 1, '428-262-3541', 'Prof. Wilton Romaguera V', 'keebler.isabel@gmail.com', 'Rozella Prosacco V', 'North Rylan', 1),
(27, 'Lonie Feil', 1, 2, '616.766.0646', 'Prof. Kennedi Gottlieb', 'metz.vaughn@gmail.com', 'Kaelyn Swaniawski', 'Hammesside', 1),
(28, 'Alvena Krajcik', 1, 2, '812-997-8589 x22779', 'Ms. Ada Stroman', 'manuel68@yahoo.com', 'Dr. Ayana Reynolds III', 'New Kentonview', 1),
(29, 'Dr. Lorna Gottlieb', 1, 2, '+16487503862', 'Iliana Murazik', 'susanna29@pagac.com', 'Leola Nikolaus', 'Theresiabury', 1),
(30, 'Miss Destini Medhurst', 1, 2, '1-565-766-7247 x7447', 'Mr. Antonio Veum', 'elizabeth.cole@wiza.org', 'Clarissa Grady', 'Lake Annettabury', 1),
(31, 'Juana Cassin', 1, 1, '771-904-6390 x072', 'Miss Laisha Welch DDS', 'xcartwright@yahoo.com', 'Mariano Leannon', 'Schultzview', 1),
(32, 'Kenneth Zboncak', 1, 2, '+1 (367) 733-4564', 'Ms. Laila Murray', 'jarrod.ziemann@hotmail.com', 'Twila Abbott', 'Jaydemouth', 1),
(33, 'Art Raynor', 1, 2, '638-976-9590 x6914', 'Tatyana Schimmel', 'vandervort.audrey@mosciski.info', 'Andre Adams', 'Douglasbury', 1),
(34, 'Dee Roob I', 1, 2, '220.903.1006 x888', 'Frederick Cole', 'weldon.klein@considine.com', 'Reid Purdy', 'Dietrichmouth', 1),
(35, 'Kylee Predovic MD', 1, 1, '+1-347-441-5225', 'Miss Carley Schroeder', 'will.vincenzo@bradtke.com', 'Karli Nolan', 'Wuckertview', 1),
(36, 'Prof. Bart Pfannerstill', 1, 1, '938-765-3968', 'Dianna Zboncak', 'estefania17@howell.biz', 'Arden Morissette', 'Hermannhaven', 1),
(37, 'Dr. Chaya Jast', 1, 1, '1-372-546-7152 x64353', 'Tiana Jaskolski', 'zprosacco@hotmail.com', 'Mr. Magnus Davis V', 'Muellerchester', 1),
(38, 'Samara Russel', 1, 2, '(578) 753-4240', 'Prof. Glenna Kilback', 'sophia.willms@gmail.com', 'Dr. Eldora Wintheiser', 'Olafview', 1),
(39, 'Jeanette Senger', 1, 1, '+1 (332) 714-6661', 'Hilton Swaniawski PhD', 'janae87@yahoo.com', 'Dejuan Shields', 'Bartonport', 1),
(40, 'Glen Mante', 1, 2, '958.791.7809', 'Ila Renner', 'randal19@hotmail.com', 'Prof. Talon Thiel', 'Leoneport', 1),
(41, 'Dr. Gisselle Rowe', 1, 2, '376-632-6623 x328', 'Donavon Nitzsche III', 'emuller@yahoo.com', 'Mr. Lamont Aufderhar', 'West Carlimouth', 1),
(42, 'Angelita Marquardt', 1, 1, '1-615-282-7321 x480', 'Prof. Nicklaus Koch', 'ekeeling@yahoo.com', 'Marisa Streich', 'Smithamburgh', 1),
(43, 'Liliana Simonis', 1, 2, '+1-509-212-5376', 'Sophia Pfannerstill', 'jamey.bartell@hahn.com', 'Bartholome Wilderman', 'Aubreechester', 1),
(44, 'Berry Kutch', 1, 2, '+1 (386) 716-2432', 'Milan Hayes', 'juvenal88@yahoo.com', 'Colten Collier', 'Schambergershire', 1),
(45, 'Mr. Jarret Grimes', 1, 2, '(948) 661-7567 x9015', 'Miss Maudie Adams Jr.', 'hailee.zboncak@gmail.com', 'Kristian Balistreri', 'West Eloise', 1),
(46, 'Dr. Antonina Durgan IV', 1, 1, '1-895-619-0022', 'Daphnee Bednar III', 'lyda.west@vonrueden.info', 'Joshuah Metz', 'Diannamouth', 1),
(47, 'Dr. Brooke Rolfson', 1, 1, '(752) 827-0106', 'Alvis Watsica V', 'christiansen.marcellus@hotmail.com', 'Clementine Mohr MD', 'East Leonardoland', 1),
(48, 'Paul Price', 1, 2, '(696) 914-0133 x9283', 'Myrtie Bartoletti', 'olynch@hotmail.com', 'Prof. Jovan Haley', 'North Elta', 1),
(49, 'Salma Kirlin', 1, 1, '1-325-506-1600 x330', 'Nyah Dietrich', 'torp.javier@hotmail.com', 'Camila Nolan', 'Port Destanyborough', 1),
(50, 'Buck Klein', 1, 2, '676.703.2315 x9427', 'Juston Wintheiser', 'erdman.marcelino@yahoo.com', 'Ms. Mireya Price IV', 'Port Lisandrohaven', 1),
(51, 'Eldon Kihn', 1, 2, '1-505-709-2692', 'Megane Okuneva', 'velma.greenfelder@hotmail.com', 'Aurelia Lemke', 'Wizafort', 1),
(52, 'Leonie Bosco', 1, 2, '1-784-631-6869 x224', 'Christina Boyer Jr.', 'josie95@hoeger.org', 'Noble Bergnaum', 'Adriannatown', 1),
(53, 'Alberto Huel', 1, 2, '441.213.2857 x5490', 'Leanne Becker', 'astokes@cartwright.net', 'Geo Swaniawski', 'Tannerhaven', 1),
(54, 'Noel Gleason', 1, 1, '652.809.3722', 'Carlie Russel', 'lydia39@gmail.com', 'Harley Goyette', 'Lake Jovanside', 1),
(55, 'Lurline Lockman', 1, 1, '1-878-946-1127', 'Prof. Reese Marquardt I', 'cassin.jermey@hotmail.com', 'Shakira Stark', 'Coraview', 1),
(56, 'Mabel Barrows', 1, 1, '+1-805-249-0373', 'Mrs. Brenda Gleason MD', 'czemlak@yahoo.com', 'Dr. Kiley Abshire', 'Sibylville', 1),
(57, 'Prof. Jacky West', 1, 1, '665.849.5556', 'Dr. Dawn Boyle', 'weimann.joana@hotmail.com', 'Raphael Conroy', 'West Kara', 1),
(58, 'Suzanne Hoeger', 1, 2, '(342) 365-4209', 'Halie Abbott', 'gsanford@hotmail.com', 'Haskell Romaguera', 'Kubmouth', 1),
(59, 'Rafaela Veum PhD', 1, 2, '646-529-6544', 'Avery Schamberger', 'vincenzo72@goyette.net', 'Lloyd DuBuque', 'Rebecamouth', 1),
(60, 'Mr. Raul Hackett', 1, 1, '1-902-619-0099 x77431', 'Jody Schmitt', 'adrian.spinka@hyatt.com', 'Mrs. Gloria Predovic V', 'Lake Niaport', 1),
(61, 'Elta Bechtelar', 1, 1, '478.355.2257 x32370', 'Mr. Bertrand O\'Conner IV', 'russell.lebsack@schneider.net', 'Dr. Imani Crist', 'Jeramyborough', 1),
(62, 'Effie Goodwin', 1, 2, '(946) 281-2866 x930', 'Mr. Webster Larson IV', 'brooks.bogan@hotmail.com', 'Mr. Troy Bernier', 'Luluberg', 1),
(63, 'Noel Kuhn DVM', 1, 1, '+1-464-249-5884', 'Frederik Brekke', 'haag.fermin@ullrich.com', 'Ms. Ruby Upton', 'Lake Osborne', 1),
(64, 'Dr. Van Ankunding DDS', 1, 2, '483.337.9339 x7625', 'Dr. Aditya Reinger', 'dietrich.olga@yahoo.com', 'Miss Kali McGlynn', 'Lake Delores', 1),
(65, 'Guido Macejkovic', 1, 1, '(454) 217-9529', 'Leann Howe', 'mortiz@hotmail.com', 'Pete Reichert', 'Hannahaven', 1),
(66, 'Dr. Elvie Roob PhD', 1, 2, '+1-234-521-0065', 'D\'angelo Mitchell', 'wilderman.shany@gmail.com', 'Joel Dach', 'North Zachariahview', 1),
(67, 'Teresa Lebsack', 1, 1, '(913) 837-4420 x085', 'Adolphus Boehm', 'milford.padberg@gmail.com', 'Itzel Bernhard', 'South Rosalind', 1),
(68, 'Allie Trantow', 1, 2, '+1-429-298-5431', 'Grace Schinner', 'dprohaska@kshlerin.com', 'Mrs. Charity Wolff', 'Mooreview', 1),
(69, 'Gerson Hudson', 1, 1, '1-683-599-0746 x541', 'Prof. Giovanni O\'Kon I', 'carroll.anastacio@abbott.com', 'Makenna Bins I', 'Wilsonland', 1),
(70, 'Jalyn Jacobi II', 1, 1, '+1.667.961.7818', 'Era Reichel', 'hoppe.rafael@carter.com', 'Felicity Kautzer', 'Lake Lemuel', 1),
(71, 'Llewellyn Lynch', 1, 2, '+13437451980', 'Rosario Nader', 'elisabeth.rippin@mclaughlin.biz', 'Ephraim Fadel Sr.', 'New Bettyeburgh', 1),
(72, 'Clemmie Williamson', 1, 2, '(325) 735-0344 x4858', 'Octavia Dickens', 'dora.heidenreich@hotmail.com', 'Brendan Larkin', 'East Torrey', 1),
(73, 'Prof. Dillon Waters DVM', 1, 1, '+1-489-219-1550', 'Mr. Shad Nitzsche DVM', 'kris.julio@yahoo.com', 'Cathryn Schiller', 'Hartmannmouth', 1),
(74, 'Dimitri Rosenbaum', 1, 1, '(795) 822-3788 x6159', 'Madisen Wilkinson II', 'rowland.wehner@hotmail.com', 'Muhammad Predovic II', 'Lake Lucius', 1),
(75, 'Bart Runolfsdottir I', 1, 1, '+1.210.482.9380', 'Braden Ortiz', 'raynor.rossie@gmail.com', 'Laurence Orn MD', 'Abigayleview', 1),
(76, 'Anibal Murray', 1, 1, '(298) 437-4524', 'Mollie Beatty Jr.', 'lavern69@hotmail.com', 'Nash Sporer', 'North Makaylamouth', 1),
(77, 'Lelia Bode III', 1, 2, '(880) 890-4372', 'Prof. Lonie Turcotte', 'yeffertz@jacobson.info', 'Mrs. Lucile Schneider IV', 'North Jessikaton', 1),
(78, 'Mr. Brady Maggio III', 1, 2, '487.755.1725 x492', 'Arely Kemmer DDS', 'schneider.florencio@osinski.com', 'Jamie Balistreri', 'Koeppmouth', 1),
(79, 'Barney Vandervort', 1, 2, '(221) 661-2674 x842', 'Stefanie Kling', 'hjacobs@hotmail.com', 'Mrs. Ruthe Kuhn III', 'North Tianafurt', 1),
(80, 'Clara Hoeger', 1, 2, '(298) 581-3307 x828', 'Gussie Koss', 'reichert.octavia@boyle.com', 'Nichole O\'Reilly', 'Lake Aubreyhaven', 1),
(81, 'Davonte Breitenberg', 1, 1, '+1-297-294-4389', 'Jo Leffler', 'mkuhn@rau.com', 'Loyal Hermiston', 'West Irvingmouth', 1),
(82, 'Damien Ratke I', 1, 2, '+16315363421', 'Isabella Bahringer', 'ward.mosciski@kuhic.com', 'Cyril Jenkins', 'Lake Leilani', 1),
(83, 'Thad Borer I', 1, 1, '+1.667.350.6329', 'Maurice Sipes', 'schinner.aleen@gmail.com', 'Mrs. Brigitte Schmeler I', 'Jennyferland', 1),
(84, 'Janet Schinner', 1, 2, '715.404.7766', 'Dr. Nicklaus Schmitt', 'rodger.king@glover.com', 'Darien Quigley', 'Port Arlieberg', 1),
(85, 'Richard Heaney', 1, 1, '+1.525.448.8527', 'Antonina Ankunding', 'raina45@yahoo.com', 'Ms. Corine Mills II', 'New Rheatown', 1),
(86, 'Kim Breitenberg DVM', 1, 1, '372.670.4019', 'Mrs. Ora Olson II', 'doyle.pacocha@christiansen.biz', 'Kathryne Dibbert Sr.', 'Veronaside', 1),
(87, 'Nyasia Moen', 1, 1, '+1 (771) 841-3557', 'Clint Bashirian', 'walker.valentin@hotmail.com', 'Jack Spinka', 'Sporershire', 1),
(88, 'Moises Schowalter II', 1, 2, '1-249-720-7685', 'Norbert Wehner', 'barrows.christelle@gmail.com', 'Adonis Boyer', 'Hermistonbury', 1),
(89, 'Ms. Bianka Okuneva DVM', 1, 1, '457.513.2819 x81464', 'Dr. Hubert Kling V', 'wmills@hotmail.com', 'Nettie Treutel', 'Lake Raymond', 1),
(90, 'Dr. Amber Wehner', 1, 2, '1-620-705-7788 x13065', 'Edwina Labadie', 'leon.reynolds@carter.com', 'Adriel Kulas', 'Randyfurt', 1),
(91, 'Pearl Dickinson', 1, 1, '797.225.1935 x55659', 'Prof. Darryl Goyette', 'orie88@gmail.com', 'Glenda Bartoletti', 'Christiansenfort', 1),
(92, 'River Roberts', 1, 2, '(607) 863-4106', 'Miss Kathleen Nitzsche Jr.', 'kling.braxton@gmail.com', 'Dr. Kay Ebert II', 'Schoenview', 1),
(93, 'Eleazar Sawayn', 1, 2, '1-630-613-3806 x826', 'Marcia Spencer', 'fmraz@lang.com', 'Dewayne McGlynn', 'North Geraldhaven', 1),
(94, 'Osborne Oberbrunner', 1, 1, '1-770-463-1548', 'Colten Crooks II', 'donnelly.brendon@mcclure.info', 'Danielle Kassulke', 'Katarinaton', 1),
(95, 'Dr. Etha Wisozk', 1, 1, '956.313.3720 x991', 'Estell Satterfield', 'haag.shania@jenkins.com', 'Bradly Marvin', 'Stephenbury', 1),
(96, 'Miss Alba Ferry DDS', 1, 1, '+1-848-382-7719', 'Dr. Ray Labadie II', 'marion48@hotmail.com', 'Vesta Altenwerth', 'Korymouth', 1),
(97, 'Prof. Lula Maggio PhD', 1, 1, '315-803-2061', 'Rodrick Harvey', 'elmo.altenwerth@maggio.com', 'Dr. Maxie Watsica', 'Anabelleville', 1),
(98, 'Dr. Matilda Kiehn IV', 1, 2, '+1-486-282-0050', 'Mr. Flavio McKenzie Sr.', 'desiree98@gmail.com', 'Mrs. Maureen Kassulke', 'South Corene', 1),
(99, 'Berniece Waters', 1, 1, '(538) 657-8161 x915', 'Dr. Icie Lang', 'sydnie.dach@yahoo.com', 'Dr. Ruben Lockman', 'Koreyland', 1),
(100, 'Deron Koepp', 1, 2, '1-581-841-7003', 'Caleigh King', 'lila31@cruickshank.com', 'Stewart Monahan', 'West Maxiechester', 1),
(101, 'Prof. Robert Lindgren', 1, 1, '792-606-6524 x11587', 'Katelyn Blanda', 'yberge@kerluke.biz', 'Asa Barrows', 'Glennabury', 1),
(102, 'Summer Prosacco', 1, 2, '951-535-2433 x45028', 'Dr. Hal O\'Conner', 'okeefe.imelda@connelly.net', 'Cloyd Jones', 'East Steve', 1),
(103, 'Carmella Pollich', 1, 1, '+1.910.671.9235', 'Mrs. Brandy Luettgen PhD', 'eichmann.neil@hotmail.com', 'Charlotte Nitzsche', 'East Verdieview', 1),
(104, 'Justen Swift', 1, 1, '+1-451-672-7578', 'Kailee Williamson', 'brad.harris@gmail.com', 'Winona Hermiston', 'Lillyton', 1),
(105, 'Dax Carroll', 1, 2, '+1 (247) 737-4757', 'Prof. Aletha Mueller DVM', 'connelly.presley@carter.com', 'Angelina Graham', 'Dickenshaven', 1);

-- --------------------------------------------------------

--
-- Estructura de tabla para la tabla `user`
--

CREATE TABLE `user` (
  `id` int(11) NOT NULL,
  `username` varchar(25) COLLATE utf8mb4_unicode_ci NOT NULL,
  `password` varchar(64) COLLATE utf8mb4_unicode_ci NOT NULL,
  `email` varchar(60) COLLATE utf8mb4_unicode_ci NOT NULL,
  `roles` longtext CHARACTER SET utf8mb4 COLLATE utf8mb4_bin NOT NULL COMMENT '(DC2Type:json_array)' CHECK (json_valid(`roles`)),
  `is_active` tinyint(1) NOT NULL
) ENGINE=InnoDB DEFAULT CHARSET=utf8mb4 COLLATE=utf8mb4_unicode_ci;

--
-- Volcado de datos para la tabla `user`
--

INSERT INTO `user` (`id`, `username`, `password`, `email`, `roles`, `is_active`) VALUES
(2, 'admin', '$2y$13$lRUjAotdKx5XkcIXZwmaBeFgP2K1kZ3vR5uxNN/Uo9jTfkd6rNxde', 'admin@gmail.com', '[\"ROLE_ADMIN\"]', 1),
(3, 'blue', '$2y$13$Hz3.EmdTDmHTz7bnuK//XOoLLOH7fe2TzbcVwWUQvlRbEmMqxcn9m', 'blue@gmail.com', '[\"ROLE_ADMIN\"]', 1);

-- --------------------------------------------------------

--
-- Estructura de tabla para la tabla `user_linea`
--

CREATE TABLE `user_linea` (
  `id` int(11) NOT NULL,
  `nombre` varchar(255) COLLATE utf8mb4_unicode_ci NOT NULL,
  `telefono` varchar(255) COLLATE utf8mb4_unicode_ci NOT NULL,
  `email` varchar(255) COLLATE utf8mb4_unicode_ci NOT NULL,
  `orden` varchar(255) COLLATE utf8mb4_unicode_ci NOT NULL,
  `active` tinyint(1) NOT NULL
) ENGINE=InnoDB DEFAULT CHARSET=utf8mb4 COLLATE=utf8mb4_unicode_ci;

--
-- Volcado de datos para la tabla `user_linea`
--

INSERT INTO `user_linea` (`id`, `nombre`, `telefono`, `email`, `orden`, `active`) VALUES
(1, 'blue', '45456464564', 'blue@gmail.com', 'Orden I', 1),
(2, 'red', '46464564', 'red@gmail.com', 'Orden I', 1),
(3, 'green', '465456546456', 'green@gmail.com', 'Orden I', 1),
(4, 'Reece Keebler III', '+1-679-987-9428', 'mturcotte@gmail.com', 'Orden I', 1),
(5, 'Kathlyn Quigley', '481.395.3629', 'nernser@schultz.net', 'Orden I', 1),
(6, 'Nettie Becker', '1-642-947-8705 x7613', 'wschulist@windler.info', 'Orden I', 1),
(7, 'Alf Hansen', '+1.349.414.9471', 'geovanny.zemlak@hotmail.com', 'Orden I', 1),
(8, 'Elwyn Krajcik', '1-325-555-5203 x337', 'ghowell@hudson.biz', 'Orden I', 1),
(9, 'Imogene Lehner', '619-369-6265', 'cbreitenberg@hessel.info', 'Orden I', 1),
(10, 'Nathen Price', '670.529.7829 x70336', 'bauch.tracy@gorczany.com', 'Orden I', 1),
(11, 'Deven Toy', '580-804-6449 x2365', 'shyanne90@oberbrunner.com', 'Orden I', 1),
(12, 'Prof. Edd Oberbrunner II', '1-951-583-7245 x7352', 'flatley.gudrun@hotmail.com', 'Orden I', 1),
(13, 'Prof. Odessa Wolff', '765.680.4378 x398', 'rempel.diamond@price.com', 'Orden I', 1),
(14, 'Corbin Effertz MD', '205.485.6817 x553', 'caitlyn41@wiegand.com', 'Orden I', 1),
(15, 'Mr. Edgar Metz', '506.671.1101 x339', 'tate17@hotmail.com', 'Orden I', 1),
(16, 'Bethany Greenholt', '878-455-9415', 'eweissnat@yahoo.com', 'Orden I', 1),
(17, 'Pascale Cremin', '282-543-0345 x041', 'myah.kilback@hotmail.com', 'Orden I', 1),
(18, 'Weston Greenfelder', '905.505.8258', 'matteo02@morar.com', 'Orden I', 1),
(19, 'Prof. Dylan Buckridge', '+1.986.659.0273', 'reilly.chad@kuhic.com', 'Orden I', 1),
(20, 'Lavon Russel Sr.', '1-674-853-3699 x26516', 'zander.leuschke@yahoo.com', 'Orden I', 1),
(21, 'Elenora Cartwright', '384-735-4041', 'toni.okon@gmail.com', 'Orden I', 1),
(22, 'Jessica Mills', '332-270-5629 x52284', 'serenity40@russel.info', 'Orden I', 1),
(23, 'Prof. Kenneth Schmitt', '1-476-703-6227 x43800', 'unique02@yahoo.com', 'Orden I', 1),
(24, 'Mckenzie Schneider', '289.716.0693 x3243', 'elva60@dicki.org', 'Orden I', 1),
(25, 'Yadira Klein', '(284) 491-5764 x5722', 'bernhard84@fadel.com', 'Orden I', 1),
(26, 'Madelyn Kuhic', '335.964.5412 x0567', 'estel09@krajcik.com', 'Orden I', 1),
(27, 'Dr. Laila O\'Keefe Sr.', '+1 (513) 328-7217', 'lhamill@frami.com', 'Orden I', 1),
(28, 'Britney Bartoletti', '+1 (783) 769-5547', 'kihn.charity@rogahn.net', 'Orden I', 1),
(29, 'Dr. Gladys Kuhn', '473-267-8407', 'earl34@flatley.com', 'Orden I', 1),
(30, 'Olen Effertz', '1-360-797-8256 x6502', 'larson.leslie@kohler.com', 'Orden I', 1),
(31, 'Mrs. Raquel Purdy', '(232) 414-0433', 'luella67@yahoo.com', 'Orden I', 1),
(32, 'Julian Botsford', '991-853-0205 x0941', 'walter.nasir@yahoo.com', 'Orden I', 1),
(33, 'Mark Harvey', '1-593-659-1153 x22388', 'sophie95@schamberger.com', 'Orden I', 1),
(34, 'Kianna Yundt', '+1.423.757.7985', 'oma16@gmail.com', 'Orden I', 1),
(35, 'Lenny Denesik IV', '+1 (523) 447-5106', 'madilyn.fadel@klocko.com', 'Orden I', 1),
(36, 'Aida Bode', '628.266.3863 x7215', 'mattie.mraz@hotmail.com', 'Orden I', 1),
(37, 'Dr. Oma Lesch MD', '(694) 356-6009', 'lind.alec@beer.com', 'Orden I', 1),
(38, 'Lennie Dibbert', '1-673-488-3059', 'grimes.jalen@hotmail.com', 'Orden I', 1),
(39, 'Roberto Simonis', '1-746-513-6515', 'johns.edna@parisian.net', 'Orden I', 1),
(40, 'Mr. Moriah King', '(425) 676-1872', 'marcos28@larson.com', 'Orden I', 1),
(41, 'Dr. Otha Hauck MD', '+1 (460) 825-7287', 'luettgen.lilian@gmail.com', 'Orden I', 1),
(42, 'Marcel Bergstrom', '480-351-9846', 'wschamberger@yahoo.com', 'Orden I', 1),
(43, 'Dr. Andre Metz', '954-321-7702 x29985', 'mcclure.mathilde@yahoo.com', 'Orden I', 1),
(44, 'Ms. Hallie Funk Jr.', '850-679-8796 x74071', 'swaniawski.jerel@dickinson.com', 'Orden I', 1),
(45, 'Meda Huel', '+1-963-967-5677', 'makayla03@gmail.com', 'Orden I', 1),
(46, 'Miss Tessie Satterfield', '397-755-0136', 'glover.lilly@hotmail.com', 'Orden I', 1),
(47, 'Savanna Greenfelder I', '(680) 954-8686 x30900', 'lucio52@yahoo.com', 'Orden I', 1),
(48, 'Dr. Mckayla Schiller IV', '804-659-0755 x917', 'hcassin@hartmann.com', 'Orden I', 1),
(49, 'Clyde Pollich', '+1-313-258-6320', 'lonnie12@von.com', 'Orden I', 1),
(50, 'Jana Von', '+18799677801', 'wlubowitz@gmail.com', 'Orden I', 1),
(51, 'Gwendolyn Howell PhD', '760-566-9282 x30250', 'reinger.emile@yahoo.com', 'Orden I', 1),
(52, 'Isaias Kertzmann', '(903) 438-4788 x157', 'morissette.mohamed@kling.com', 'Orden I', 1),
(53, 'Dorothea Schamberger', '1-719-901-6715', 'ulices.friesen@mcglynn.info', 'Orden I', 1),
(54, 'Ms. Betsy Romaguera PhD', '482-330-2286', 'lenora78@hotmail.com', 'Orden I', 1),
(55, 'Mose Walsh IV', '697.295.7917 x15267', 'jacquelyn.cole@kuphal.com', 'Orden I', 1),
(56, 'Mrs. Rahsaan Labadie PhD', '1-389-924-8946', 'delphia.larkin@mcclure.com', 'Orden I', 1),
(57, 'Narciso Quigley', '629-515-2007', 'karolann.towne@gmail.com', 'Orden I', 1),
(58, 'Dorris Trantow', '782-570-6833 x9822', 'amira44@powlowski.org', 'Orden I', 1),
(59, 'Prof. Ellis Kshlerin MD', '1-297-536-0803 x81242', 'ashton.miller@klocko.info', 'Orden I', 1),
(60, 'Dr. Emmanuel Ernser', '212.875.1587 x36026', 'clementina.kshlerin@gmail.com', 'Orden I', 1),
(61, 'Viva Legros', '1-642-951-9583', 'dietrich.erwin@yahoo.com', 'Orden I', 1),
(62, 'Emilia Kling', '658-534-8543 x61243', 'cordia.leuschke@luettgen.org', 'Orden I', 1),
(63, 'Adriel Abbott', '(780) 965-0978 x527', 'daniel.davonte@gmail.com', 'Orden I', 1),
(64, 'Mr. Ken Krajcik Jr.', '208.616.6248 x05510', 'freda95@hudson.com', 'Orden I', 1),
(65, 'Dr. Korey Runolfsson I', '(794) 755-5182', 'bechtelar.rowena@yahoo.com', 'Orden I', 1),
(66, 'Dr. Cassidy Lubowitz', '848-835-2722 x5444', 'corwin.dora@gmail.com', 'Orden I', 1),
(67, 'Leopoldo Torphy', '659-718-6778', 'christopher73@gmail.com', 'Orden I', 1),
(68, 'Cathy Reilly', '1-781-232-2285', 'daisha55@yahoo.com', 'Orden I', 1),
(69, 'Cristina Graham', '+1-258-346-2127', 'maritza.abshire@klocko.com', 'Orden I', 1),
(70, 'Federico Aufderhar V', '(534) 932-4541 x751', 'cole.randi@yahoo.com', 'Orden I', 1),
(71, 'Willa Goodwin I', '(286) 859-3582 x6639', 'dalton.ferry@yahoo.com', 'Orden I', 1),
(72, 'Dr. Maryjane Hirthe PhD', '1-528-206-2713 x538', 'kunze.tyshawn@rempel.com', 'Orden I', 1),
(73, 'Dr. Harrison Yundt II', '1-912-980-0245 x211', 'nichole.hartmann@pfannerstill.com', 'Orden I', 1),
(74, 'Jayda Upton', '+1-942-532-0831', 'vschamberger@yahoo.com', 'Orden I', 1),
(75, 'Mr. Owen Rodriguez II', '453-712-6545 x53422', 'imann@gmail.com', 'Orden I', 1),
(76, 'Samara Connelly', '737.596.4449 x22273', 'wjacobson@homenick.com', 'Orden I', 1),
(77, 'Britney Cole', '+14408240812', 'rohan.keshawn@yahoo.com', 'Orden I', 1),
(78, 'Vida Blick', '(761) 615-9483 x098', 'sadie78@hotmail.com', 'Orden I', 1),
(79, 'Cindy Hane', '1-880-499-7141 x8817', 'mustafa.trantow@yahoo.com', 'Orden I', 1),
(80, 'Herta Gutkowski', '982.869.3361', 'briana41@jaskolski.com', 'Orden I', 1),
(81, 'Mathilde Dach', '1-476-390-7383 x2158', 'rosetta.graham@yahoo.com', 'Orden I', 1),
(82, 'Dr. Mose Gislason III', '610.348.5439 x16175', 'zelma.casper@mclaughlin.com', 'Orden I', 1),
(83, 'Fernando Tromp', '819-570-5127', 'mgulgowski@yahoo.com', 'Orden I', 1),
(84, 'Ms. Sienna Kiehn', '+1.405.727.0806', 'edgardo68@gmail.com', 'Orden I', 1),
(85, 'Dr. Hobart Weimann', '1-580-622-5391 x627', 'tobin.emmerich@gmail.com', 'Orden I', 1),
(86, 'Eleanora Walker Sr.', '+1.668.544.1069', 'rohan.mohammed@yahoo.com', 'Orden I', 1),
(87, 'Toby Lemke', '465-816-1343', 'jane.pfeffer@yahoo.com', 'Orden I', 1),
(88, 'Carmine Hettinger Sr.', '+1 (747) 783-0787', 'hermann.lelia@dare.org', 'Orden I', 1),
(89, 'Arch Altenwerth', '1-495-570-3479 x69191', 'rosalind.rice@ritchie.net', 'Orden I', 1),
(90, 'Therese Wilderman', '1-360-406-8852 x600', 'gladys.nader@gaylord.info', 'Orden I', 1),
(91, 'Jasper Waelchi', '(779) 725-5921 x9851', 'fabian.kirlin@hagenes.com', 'Orden I', 1),
(92, 'Clinton Harber', '519.524.6684 x43479', 'pfeffer.tabitha@tremblay.info', 'Orden I', 1),
(93, 'Kirstin Price', '(910) 947-8237', 'phoebe27@yahoo.com', 'Orden I', 1),
(94, 'Myrtle Ortiz', '+1 (924) 908-5069', 'rosenbaum.maynard@wisozk.com', 'Orden I', 1),
(95, 'Alfreda Jacobs', '807-359-7863 x41691', 'fkling@gmail.com', 'Orden I', 1),
(96, 'Mckayla Russel', '+1 (358) 653-7830', 'hazle.beatty@robel.com', 'Orden I', 1),
(97, 'Prof. Tierra Carroll', '(991) 671-2116 x0322', 'vklein@gmail.com', 'Orden I', 1),
(98, 'Marilyne Beier', '336.699.3593', 'bwisoky@gmail.com', 'Orden I', 1),
(99, 'Prof. Sasha Murphy', '(334) 892-6780 x79500', 'carolyne27@hotmail.com', 'Orden I', 1),
(100, 'Emmanuelle Mills', '(740) 334-1012 x8886', 'gorczany.jared@gusikowski.com', 'Orden I', 1),
(101, 'Mr. Alan Hansen I', '(298) 365-2087', 'crooks.reymundo@hotmail.com', 'Orden I', 1),
(102, 'Virginia Crist II', '+1-490-888-8810', 'daphnee.ernser@yahoo.com', 'Orden I', 1),
(103, 'Dr. Emmett Schmitt IV', '429-699-5927 x786', 'william62@schinner.org', 'Orden I', 1),
(104, 'Sigurd Walter V', '489.404.1865', 'gust.klein@yahoo.com', 'Orden I', 1),
(105, 'Leonardo Cremin', '(958) 899-7895', 'damaris.jerde@prosacco.net', 'Orden I', 1),
(106, 'Miss Genoveva Mitchell II', '762.440.8272', 'douglas.adeline@gmail.com', 'Orden I', 1),
(107, 'Clifford Hessel III', '+1 (317) 966-9495', 'fritsch.carolyn@reynolds.info', 'Orden I', 1),
(108, 'Deon Dach', '937-749-9278 x765', 'kcremin@gmail.com', 'Orden I', 1),
(109, 'Dr. Wilburn Prohaska', '736.488.7932 x196', 'kuvalis.coleman@feil.com', 'Orden I', 1),
(110, 'Stan Buckridge', '(542) 699-7996 x9412', 'tad.windler@hotmail.com', 'Orden I', 1),
(111, 'Kitty Jacobson I', '286.582.6018 x9847', 'carmela10@beier.com', 'Orden I', 1),
(112, 'Miss Lonie Boehm', '969-959-7533', 'destany09@yahoo.com', 'Orden I', 1),
(113, 'Maya Medhurst', '1-591-283-9795', 'erdman.toby@lesch.com', 'Orden I', 1),
(114, 'Krystel Carroll', '(251) 912-3111', 'kendall30@gmail.com', 'Orden I', 1),
(115, 'Jessie Bashirian', '(795) 678-3544', 'walter45@gmail.com', 'Orden I', 1),
(116, 'America Robel', '934-562-6345 x76310', 'kaya80@reichel.com', 'Orden I', 1),
(117, 'Alize Wunsch', '1-271-450-6190 x06624', 'larue.boyle@gmail.com', 'Orden I', 1),
(118, 'Johnson Tillman', '1-548-557-1858 x4801', 'heidenreich.dave@gmail.com', 'Orden I', 1),
(119, 'Kathryne Schuppe', '1-641-634-0821', 'lempi05@blick.org', 'Orden I', 1),
(120, 'Maymie Price', '405.874.6749', 'savanna.rempel@carter.info', 'Orden I', 1),
(121, 'Rosalind Welch', '1-709-929-3358 x1871', 'pedro.schmeler@kutch.info', 'Orden I', 1),
(122, 'Marta Rempel', '(873) 905-0804 x176', 'swift.mitchel@gmail.com', 'Orden I', 1),
(123, 'Dr. Maye Pacocha Jr.', '+1.974.797.8067', 'gfeil@gmail.com', 'Orden I', 1),
(124, 'Ms. Verda Price', '(436) 944-5727 x8801', 'ursula.lynch@stoltenberg.com', 'Orden I', 1),
(125, 'Mrs. Ocie Mohr', '(506) 363-4436', 'virginie71@hotmail.com', 'Orden I', 1),
(126, 'Ford Hickle', '+1-472-669-8251', 'lockman.alena@gmail.com', 'Orden I', 1),
(127, 'Marjolaine Carroll', '1-275-922-6380', 'kmayert@pacocha.com', 'Orden I', 1),
(128, 'Emmalee Kreiger I', '1-873-304-1365', 'nbuckridge@donnelly.com', 'Orden I', 1),
(129, 'Destinee Collins', '(578) 856-3746 x704', 'ocasper@mcdermott.com', 'Orden I', 1),
(130, 'Ms. Lysanne Jast II', '+1.205.802.6949', 'oberbrunner.alycia@lemke.biz', 'Orden I', 1),
(131, 'Leone Schoen', '838.334.1780', 'abigale.mohr@gmail.com', 'Orden I', 1),
(132, 'Dr. Chandler Brekke MD', '408.986.6119 x36031', 'maynard.smith@crist.com', 'Orden I', 1),
(133, 'Mrs. Imogene Dickinson DVM', '723-298-2134 x6911', 'elian.mcdermott@hotmail.com', 'Orden I', 1),
(134, 'Dr. Riley Lemke Jr.', '367-267-2668 x4843', 'claudia.gutkowski@brekke.com', 'Orden I', 1),
(135, 'Clay Lynch', '(915) 813-8112 x765', 'aswift@gmail.com', 'Orden I', 1),
(136, 'Meta Green', '+12072667040', 'eriberto.brown@macejkovic.com', 'Orden I', 1),
(137, 'Cory Ryan III', '+14043708222', 'hdenesik@turcotte.org', 'Orden I', 1),
(138, 'Jameson Schowalter', '(363) 632-2487', 'feil.jerome@hotmail.com', 'Orden I', 1),
(139, 'Marcelle Emard', '690.916.7146 x19781', 'nzulauf@hotmail.com', 'Orden I', 1),
(140, 'Johann Powlowski Jr.', '(630) 541-1428', 'kellie48@herman.com', 'Orden I', 1),
(141, 'Mollie Eichmann', '615.481.0880 x212', 'floyd10@lind.com', 'Orden I', 1),
(142, 'Donnie Hartmann MD', '482.617.7205 x8855', 'mschaden@reynolds.biz', 'Orden I', 1),
(143, 'Prof. Dylan Swaniawski', '+1 (668) 395-7620', 'tyrique93@cronin.com', 'Orden I', 1),
(144, 'Markus Hilpert', '720.668.0779', 'klein.keyshawn@hotmail.com', 'Orden I', 1),
(145, 'Minerva Wisoky', '+1-552-595-3125', 'dylan.doyle@gmail.com', 'Orden I', 1),
(146, 'Keshawn Kautzer', '929-222-2110 x6126', 'mertz.antwon@gmail.com', 'Orden I', 1),
(147, 'Houston Olson', '1-812-209-2548 x87693', 'vandervort.noel@gmail.com', 'Orden I', 1),
(148, 'Guillermo Runolfsson', '1-358-302-5999 x217', 'cecil.kris@gmail.com', 'Orden I', 1),
(149, 'Maxwell Huel III', '528.225.7899 x040', 'macie.buckridge@kilback.org', 'Orden I', 1),
(150, 'Dr. Alicia Auer', '1-893-597-3245 x4525', 'heathcote.burley@kreiger.biz', 'Orden I', 1),
(151, 'Dr. Vinnie Fisher', '334.615.8479 x5916', 'riley.grady@hotmail.com', 'Orden I', 1),
(152, 'Gino Green', '(550) 438-7629 x181', 'fgrady@dubuque.com', 'Orden I', 1),
(153, 'Alejandra Huel', '+1.215.333.6729', 'beier.keeley@gmail.com', 'Orden I', 1),
(154, 'Mr. Bell Pagac', '627-738-2629 x024', 'bettye87@hotmail.com', 'Orden I', 1),
(155, 'Cordie Considine DVM', '(954) 687-3743', 'gledner@wisozk.info', 'Orden I', 1),
(156, 'Verla Streich', '(702) 352-1580', 'henderson84@gleichner.biz', 'Orden I', 1),
(157, 'Ms. Mariane McLaughlin Jr.', '530.249.7468 x17709', 'selina.rohan@welch.com', 'Orden I', 1),
(158, 'Prof. Jace Corwin MD', '+14527631253', 'uwhite@gmail.com', 'Orden I', 1),
(159, 'Diana Ratke MD', '(615) 667-5078 x497', 'holden.gislason@emard.biz', 'Orden I', 1),
(160, 'Yolanda Weissnat', '1-375-244-1225', 'carlie.schinner@yahoo.com', 'Orden I', 1),
(161, 'Shakira Bode I', '(809) 555-3577 x6641', 'mwiza@haley.net', 'Orden I', 1),
(162, 'Mrs. Emmie Fahey', '1-984-310-2584', 'dylan.gerhold@yahoo.com', 'Orden I', 1),
(163, 'Jayde Jast', '(778) 827-5356 x04649', 'clement23@nolan.com', 'Orden I', 1),
(164, 'Lessie Little', '+1-680-292-2858', 'catherine.bednar@schmidt.com', 'Orden I', 1),
(165, 'Dr. Magdalena Shields', '816-601-1499 x592', 'dhirthe@hotmail.com', 'Orden I', 1),
(166, 'Dr. Clint Dickens', '(672) 335-0182 x56946', 'kim.rohan@trantow.com', 'Orden I', 1),
(167, 'Jazmin Block I', '+1.897.891.6535', 'gleichner.alexandrea@west.com', 'Orden I', 1),
(168, 'Clotilde Parker', '562.828.2495 x4079', 'magnolia42@hotmail.com', 'Orden I', 1),
(169, 'Maia Smitham', '621.334.6506 x264', 'rodriguez.jaime@hotmail.com', 'Orden I', 1),
(170, 'Hermina Gusikowski', '(982) 504-7647 x9133', 'gaylord.jermey@gmail.com', 'Orden I', 1),
(171, 'Effie Wintheiser DVM', '876.596.6664 x546', 'brandi83@rempel.info', 'Orden I', 1),
(172, 'Dr. Gabrielle Lebsack IV', '+1.530.400.9707', 'frederik37@hotmail.com', 'Orden I', 1),
(173, 'Dr. Leann DuBuque DVM', '1-856-870-5482 x931', 'hmclaughlin@fritsch.biz', 'Orden I', 1),
(174, 'Alejandra Rohan', '486-639-0174 x704', 'mose34@gorczany.com', 'Orden I', 1),
(175, 'Wellington Tillman', '(450) 482-7991 x6659', 'sstamm@daugherty.biz', 'Orden I', 1),
(176, 'Eldridge Legros', '867-993-5124 x20160', 'chaim01@hotmail.com', 'Orden I', 1),
(177, 'Elva Lueilwitz IV', '826.775.3369', 'marianna.rowe@steuber.com', 'Orden I', 1),
(178, 'Mrs. Gracie Cummings IV', '(228) 475-7283 x9416', 'clifford28@feil.com', 'Orden I', 1),
(179, 'Valentin Oberbrunner', '1-805-755-7557', 'bradford78@schimmel.net', 'Orden I', 1),
(180, 'Roberto Lubowitz', '276-210-0377', 'garfield38@yahoo.com', 'Orden I', 1),
(181, 'Kaela Koss', '(613) 465-8644', 'avis.jenkins@yahoo.com', 'Orden I', 1),
(182, 'Ms. Ora Hayes', '(442) 488-4121', 'treutel.simone@gmail.com', 'Orden I', 1),
(183, 'Garth Roberts', '910.807.0573', 'klocko.yvonne@will.com', 'Orden I', 1),
(184, 'Dr. Kristofer Schuppe IV', '+1.871.336.9432', 'queenie23@emard.com', 'Orden I', 1),
(185, 'Dr. Addie Pagac', '+1 (563) 461-5070', 'adrienne.morar@hansen.com', 'Orden I', 1),
(186, 'Miss Shanon Beatty DVM', '682.254.8533 x55267', 'koelpin.bobbie@tremblay.org', 'Orden I', 1),
(187, 'Dr. Ashton O\'Keefe Sr.', '1-878-949-5179', 'pfeest@gmail.com', 'Orden I', 1),
(188, 'Alisa Watsica', '656.873.6265 x759', 'alexandra15@hotmail.com', 'Orden I', 1),
(189, 'Delphia Botsford', '1-602-870-8666 x7596', 'russel.shaniya@hotmail.com', 'Orden I', 1),
(190, 'Glenna McLaughlin II', '(908) 901-8933', 'stehr.glenda@wehner.com', 'Orden I', 1),
(191, 'Ms. Jordane Weber PhD', '876-380-3977 x90525', 'harber.angelo@denesik.biz', 'Orden I', 1),
(192, 'Eldred Corwin', '+14907599275', 'denesik.vincenza@kris.org', 'Orden I', 1),
(193, 'Faye Smitham', '775-328-6000', 'harvey.barrows@gmail.com', 'Orden I', 1),
(194, 'Jedidiah Stamm', '+1 (630) 591-7220', 'pouros.carley@kling.com', 'Orden I', 1),
(195, 'Samanta Powlowski', '273.896.9798', 'funk.arvel@hotmail.com', 'Orden I', 1),
(196, 'Miss Carlee Denesik PhD', '+1 (515) 556-3861', 'spinka.felipe@swift.com', 'Orden I', 1),
(197, 'Dudley Welch', '739-684-6758', 'hortense.oconner@gulgowski.com', 'Orden I', 1),
(198, 'Prof. Adolfo O\'Hara Jr.', '1-704-396-1071 x64481', 'maida78@reichert.com', 'Orden I', 1),
(199, 'Esteban O\'Kon IV', '791.222.2260 x1068', 'zella.conn@gmail.com', 'Orden I', 1),
(200, 'Anika Gerlach', '775-838-0415 x53457', 'mhoppe@abernathy.com', 'Orden I', 1),
(201, 'Mrs. Casandra Cole', '(820) 330-7106', 'fkemmer@hotmail.com', 'Orden I', 1),
(202, 'Nikolas Cremin', '(750) 955-9883 x435', 'alvina.mclaughlin@hotmail.com', 'Orden I', 1),
(203, 'Greg Kohler', '+1-821-233-0525', 'ruthe.gibson@gmail.com', 'Orden I', 1),
(204, 'Elissa Macejkovic', '(425) 346-3034', 'lucio.dicki@ohara.com', 'Orden I', 1),
(205, 'Gerhard Windler', '427.615.9481 x78493', 'jeanie.senger@steuber.com', 'Orden I', 1),
(206, 'Ms. Evalyn Murray', '553-708-1673 x30190', 'bertrand.leffler@gmail.com', 'Orden I', 1),
(207, 'Ralph Mraz', '920-693-4349', 'wolf.gianni@quigley.net', 'Orden I', 1),
(208, 'Mrs. Katlynn Towne', '738.994.1784 x49930', 'uhauck@metz.info', 'Orden I', 1),
(209, 'Tremaine Erdman', '695-426-5566', 'cassandra95@quitzon.biz', 'Orden I', 1),
(210, 'Dr. Harrison Hane', '1-690-769-2445', 'roy97@gmail.com', 'Orden I', 1),
(211, 'Alena Kulas', '+1.374.813.7134', 'jaunita.crooks@toy.com', 'Orden I', 1),
(212, 'Dr. Ethelyn Howe I', '365-902-8000', 'lparisian@gmail.com', 'Orden I', 1),
(213, 'Dr. Celestino Gorczany IV', '327.286.2226', 'frami.gregoria@bergstrom.net', 'Orden I', 1),
(214, 'Lou Feil', '329-458-7406 x52468', 'lucile82@zboncak.info', 'Orden I', 1),
(215, 'Jonas Aufderhar', '605-335-8162 x944', 'zackery.prohaska@schultz.biz', 'Orden I', 1),
(216, 'Mckayla Williamson', '(863) 214-1599', 'rosenbaum.kristian@rowe.com', 'Orden I', 1),
(217, 'Ms. Daisha Yost I', '1-256-430-8238 x78244', 'sporer.hanna@leffler.com', 'Orden I', 1),
(218, 'Federico Schneider III', '(201) 682-5566 x31680', 'hayes.monica@hotmail.com', 'Orden I', 1),
(219, 'Adelbert Hayes', '(397) 425-5560', 'keshaun99@hotmail.com', 'Orden I', 1),
(220, 'Guy O\'Reilly', '625.960.2563 x52016', 'onolan@bergnaum.com', 'Orden I', 1),
(221, 'Mrs. Fatima Auer II', '+1.636.579.7426', 'elna71@yahoo.com', 'Orden I', 1),
(222, 'Britney Walker', '+1-924-990-2894', 'terry.tyree@gmail.com', 'Orden I', 1),
(223, 'Ms. Susan Schaefer PhD', '+16149913482', 'halvorson.eleazar@gmail.com', 'Orden I', 1),
(224, 'Minnie Rau', '(416) 870-7329', 'lance.osinski@oberbrunner.com', 'Orden I', 1),
(225, 'Jimmy Gaylord', '(434) 315-7560 x49563', 'terry.beaulah@gaylord.info', 'Orden I', 1),
(226, 'Prof. Regan Barton', '719.642.1382 x5077', 'ttorphy@hotmail.com', 'Orden I', 1),
(227, 'Mrs. Ines Hyatt Sr.', '1-221-679-8982', 'afeil@kiehn.com', 'Orden I', 1),
(228, 'Salvador Balistreri', '+1 (618) 469-2182', 'mozelle.wisozk@hartmann.net', 'Orden I', 1),
(229, 'Clarabelle Watsica', '(587) 849-4660', 'danika.emard@hotmail.com', 'Orden I', 1),
(230, 'Davin Lynch', '+1.571.602.2767', 'vonrueden.brisa@barrows.org', 'Orden I', 1),
(231, 'Carol Barton', '794-969-0651 x10455', 'kirsten88@oreilly.biz', 'Orden I', 1),
(232, 'Selena Davis', '(570) 945-9529', 'carroll.cynthia@murray.com', 'Orden I', 1),
(233, 'Werner Kertzmann', '(895) 260-5485', 'denesik.evans@doyle.com', 'Orden I', 1),
(234, 'George Altenwerth', '736-419-0353 x43916', 'jana.gutmann@gmail.com', 'Orden I', 1),
(235, 'Dr. April Paucek PhD', '+1 (617) 755-2700', 'mckenzie.juston@tillman.biz', 'Orden I', 1),
(236, 'Ms. Luz Rohan Sr.', '280-206-9752 x9428', 'yfisher@gmail.com', 'Orden I', 1),
(237, 'Eric Kautzer PhD', '+1.349.957.4045', 'griffin.farrell@gmail.com', 'Orden I', 1),
(238, 'Anabel Pacocha', '390-402-8861 x5650', 'jwelch@yahoo.com', 'Orden I', 1),
(239, 'Catherine Greenfelder Jr.', '1-770-400-0586 x305', 'okiehn@russel.org', 'Orden I', 1),
(240, 'Rosina Wehner I', '(449) 377-1870 x26309', 'mmarks@hotmail.com', 'Orden I', 1),
(241, 'Therese Roob', '+1 (716) 500-3593', 'veda31@yahoo.com', 'Orden I', 1),
(242, 'Ronaldo Hill', '224-765-3055 x146', 'tyra.kozey@gmail.com', 'Orden I', 1),
(243, 'Buford Considine II', '527.421.5116', 'akozey@yahoo.com', 'Orden I', 1),
(244, 'Alvina Jast I', '+1 (245) 570-3710', 'bradford.altenwerth@cummerata.biz', 'Orden I', 1),
(245, 'Dr. Burdette Miller', '+1-901-509-8991', 'dmaggio@williamson.com', 'Orden I', 1),
(246, 'Sadye Kuphal', '278-832-9424', 'tamara.considine@hotmail.com', 'Orden I', 1),
(247, 'Pedro Rice', '441-823-5186', 'nova.swaniawski@gmail.com', 'Orden I', 1),
(248, 'Ms. Kathleen Schmitt', '370.942.1248', 'abigayle64@hotmail.com', 'Orden I', 1),
(249, 'Edgardo Williamson', '268-280-9369 x1230', 'bechtelar.eliza@hotmail.com', 'Orden I', 1),
(250, 'Dr. Jedediah Roberts IV', '862-603-1326 x7858', 'norbert16@yahoo.com', 'Orden I', 1),
(251, 'Hugh Ryan', '1-804-502-5357', 'kharris@shields.biz', 'Orden I', 1),
(252, 'Kendall Hegmann II', '(398) 779-4964 x0277', 'solon83@kozey.org', 'Orden I', 1),
(253, 'Ivory Goyette', '528-401-1908 x72229', 'willy81@upton.com', 'Orden I', 1);

--
-- Índices para tablas volcadas
--

--
-- Indices de la tabla `asociacion`
--
ALTER TABLE `asociacion`
  ADD PRIMARY KEY (`id`);

--
-- Indices de la tabla `linea`
--
ALTER TABLE `linea`
  ADD PRIMARY KEY (`id`),
  ADD KEY `IDX_BCB8FDDE9D01464C` (`unidad_id`),
  ADD KEY `IDX_BCB8FDDE35380935` (`operadora_id`),
  ADD KEY `IDX_BCB8FDDEA9276E6C` (`tipo_id`),
  ADD KEY `IDX_BCB8FDDE65739DF8` (`user_linea_id`);

--
-- Indices de la tabla `operadora`
--
ALTER TABLE `operadora`
  ADD PRIMARY KEY (`id`);

--
-- Indices de la tabla `tipo_dispositivo`
--
ALTER TABLE `tipo_dispositivo`
  ADD PRIMARY KEY (`id`);

--
-- Indices de la tabla `unidad`
--
ALTER TABLE `unidad`
  ADD PRIMARY KEY (`id`),
  ADD KEY `IDX_F3E6D02F5686286E` (`asociacion_id`);

--
-- Indices de la tabla `user`
--
ALTER TABLE `user`
  ADD PRIMARY KEY (`id`),
  ADD UNIQUE KEY `UNIQ_8D93D649F85E0677` (`username`),
  ADD UNIQUE KEY `UNIQ_8D93D649E7927C74` (`email`);

--
-- Indices de la tabla `user_linea`
--
ALTER TABLE `user_linea`
  ADD PRIMARY KEY (`id`);

--
-- AUTO_INCREMENT de las tablas volcadas
--

--
-- AUTO_INCREMENT de la tabla `asociacion`
--
ALTER TABLE `asociacion`
  MODIFY `id` int(11) NOT NULL AUTO_INCREMENT, AUTO_INCREMENT=3;

--
-- AUTO_INCREMENT de la tabla `linea`
--
ALTER TABLE `linea`
  MODIFY `id` int(11) NOT NULL AUTO_INCREMENT, AUTO_INCREMENT=783;

--
-- AUTO_INCREMENT de la tabla `operadora`
--
ALTER TABLE `operadora`
  MODIFY `id` int(11) NOT NULL AUTO_INCREMENT, AUTO_INCREMENT=3;

--
-- AUTO_INCREMENT de la tabla `tipo_dispositivo`
--
ALTER TABLE `tipo_dispositivo`
  MODIFY `id` int(11) NOT NULL AUTO_INCREMENT, AUTO_INCREMENT=3;

--
-- AUTO_INCREMENT de la tabla `unidad`
--
ALTER TABLE `unidad`
  MODIFY `id` int(11) NOT NULL AUTO_INCREMENT, AUTO_INCREMENT=106;

--
-- AUTO_INCREMENT de la tabla `user`
--
ALTER TABLE `user`
  MODIFY `id` int(11) NOT NULL AUTO_INCREMENT, AUTO_INCREMENT=4;

--
-- AUTO_INCREMENT de la tabla `user_linea`
--
ALTER TABLE `user_linea`
  MODIFY `id` int(11) NOT NULL AUTO_INCREMENT, AUTO_INCREMENT=254;

--
-- Restricciones para tablas volcadas
--

--
-- Filtros para la tabla `linea`
--
ALTER TABLE `linea`
  ADD CONSTRAINT `FK_BCB8FDDE35380935` FOREIGN KEY (`operadora_id`) REFERENCES `operadora` (`id`) ON DELETE SET NULL,
  ADD CONSTRAINT `FK_BCB8FDDE65739DF8` FOREIGN KEY (`user_linea_id`) REFERENCES `user_linea` (`id`),
  ADD CONSTRAINT `FK_BCB8FDDE9D01464C` FOREIGN KEY (`unidad_id`) REFERENCES `unidad` (`id`),
  ADD CONSTRAINT `FK_BCB8FDDEA9276E6C` FOREIGN KEY (`tipo_id`) REFERENCES `tipo_dispositivo` (`id`);

--
-- Filtros para la tabla `unidad`
--
ALTER TABLE `unidad`
  ADD CONSTRAINT `FK_F3E6D02F5686286E` FOREIGN KEY (`asociacion_id`) REFERENCES `asociacion` (`id`);
COMMIT;

/*!40101 SET CHARACTER_SET_CLIENT=@OLD_CHARACTER_SET_CLIENT */;
/*!40101 SET CHARACTER_SET_RESULTS=@OLD_CHARACTER_SET_RESULTS */;
/*!40101 SET COLLATION_CONNECTION=@OLD_COLLATION_CONNECTION */;
